时间_Start,时间_End,TIME,PM25,O3,NO2,PM10,SO2,CO,AQI,Major_pollutant,quality
2015/7/1 0:00,2015/7/1 1:00,0,16,25,11,17,4,6,25,,优
2015/7/1 1:00,2015/7/1 2:00,1,22,27,13,21,4,7,27,,优
2015/7/1 2:00,2015/7/1 3:00,2,23,25,11,22,4,6,25,,优
2015/7/1 3:00,2015/7/1 4:00,3,30,23,11,24,4,6,30,,优
2015/7/1 4:00,2015/7/1 5:00,4,35,24,12,28,4,6,35,,优
2015/7/1 5:00,2015/7/1 6:00,5,33,29,14,25,3,8,33,,优
2015/7/1 6:00,2015/7/1 7:00,6,23,29,17,18,3,7,29,,优
2015/7/1 7:00,2015/7/1 8:00,7,18,27,23,16,3,6,27,,优
2015/7/1 8:00,2015/7/1 9:00,8,20,22,29,25,3,8,29,,优
2015/7/1 9:00,2015/7/1 10:00,9,28,20,33,31,3,9,33,,优
2015/7/1 10:00,2015/7/1 11:00,10,40,20,35,40,4,11,40,,优
2015/7/1 11:00,2015/7/1 12:00,11,48,23,31,54,5,12,54,PM10,良
2015/7/1 12:00,2015/7/1 13:00,12,57,31,28,57,5,12,57,PM2.5,良
2015/7/1 13:00,2015/7/1 14:00,13,74,39,24,60,5,12,74,PM2.5,良
2015/7/1 14:00,2015/7/1 15:00,14,89,45,24,64,5,12,89,PM2.5,良
2015/7/1 15:00,2015/7/1 16:00,15,95,46,25,67,5,13,95,PM2.5,良
2015/7/1 16:00,2015/7/1 17:00,16,99,49,26,71,4,12,99,PM2.5,良
2015/7/1 17:00,2015/7/1 18:00,17,103,50,25,73,4,11,103,PM2.5,轻度污染
2015/7/1 18:00,2015/7/1 19:00,18,102,40,25,72,4,10,102,PM2.5,轻度污染
2015/7/1 19:00,2015/7/1 20:00,19,78,32,23,58,4,9,78,PM2.5,良
2015/7/1 20:00,2015/7/1 21:00,20,63,27,22,53,3,9,63,PM2.5,良
2015/7/1 21:00,2015/7/1 22:00,21,63,23,24,53,4,9,63,PM2.5,良
2015/7/1 22:00,2015/7/1 23:00,22,59,22,24,49,4,9,59,PM2.5,良
2015/7/1 23:00,2015/7/2 0:00,23,54,25,18,46,4,8,54,PM2.5,良
2015/7/2 0:00,2015/7/2 1:00,0,46,26,15,38,4,8,46,,优
2015/7/2 1:00,2015/7/2 2:00,1,48,25,15,43,4,7,48,,优
2015/7/2 2:00,2015/7/2 3:00,2,48,24,12,38,4,7,48,,优
2015/7/2 3:00,2015/7/2 4:00,3,50,21,14,41,4,8,50,,优
2015/7/2 4:00,2015/7/2 5:00,4,54,17,16,44,4,8,54,PM2.5,良
2015/7/2 5:00,2015/7/2 6:00,5,60,13,20,51,4,9,60,PM2.5,良
2015/7/2 6:00,2015/7/2 7:00,6,67,11,26,54,4,10,67,PM2.5,良
2015/7/2 7:00,2015/7/2 8:00,7,67,13,28,53,5,9,67,PM2.5,良
2015/7/2 8:00,2015/7/2 9:00,8,63,19,28,51,5,9,63,PM2.5,良
2015/7/2 9:00,2015/7/2 10:00,9,64,23,31,56,5,10,64,PM2.5,良
2015/7/2 10:00,2015/7/2 11:00,10,79,31,30,70,5,10,79,PM2.5,良
2015/7/2 11:00,2015/7/2 12:00,11,102,41,27,80,6,12,102,PM2.5,轻度污染
2015/7/2 12:00,2015/7/2 13:00,12,118,48,25,81,5,12,118,PM2.5,轻度污染
2015/7/2 13:00,2015/7/2 14:00,13,122,67,22,81,5,12,122,PM2.5,轻度污染
2015/7/2 14:00,2015/7/2 15:00,14,124,69,23,81,5,11,124,PM2.5,轻度污染
2015/7/2 15:00,2015/7/2 16:00,15,124,75,21,78,5,11,124,PM2.5,轻度污染
2015/7/2 16:00,2015/7/2 17:00,16,128,78,20,82,5,10,128,PM2.5,轻度污染
2015/7/2 17:00,2015/7/2 18:00,17,125,50,21,80,5,10,125,PM2.5,轻度污染
2015/7/2 18:00,2015/7/2 19:00,18,122,42,22,77,5,10,122,PM2.5,轻度污染
2015/7/2 19:00,2015/7/2 20:00,19,104,34,21,71,4,9,104,PM2.5,轻度污染
2015/7/2 20:00,2015/7/2 21:00,20,85,30,21,63,4,8,85,PM2.5,良
2015/7/2 21:00,2015/7/2 22:00,21,80,30,20,59,4,8,80,PM2.5,良
2015/7/2 22:00,2015/7/2 23:00,22,85,30,19,60,4,8,85,PM2.5,良
2015/7/2 23:00,2015/7/3 0:00,23,89,27,19,61,4,8,89,PM2.5,良
2015/7/3 0:00,2015/7/3 1:00,0,89,27,14,62,4,7,89,PM2.5,良
2015/7/3 1:00,2015/7/3 2:00,1,87,29,17,60,3,7,87,PM2.5,良
2015/7/3 2:00,2015/7/3 3:00,2,82,27,14,58,4,7,82,PM2.5,良
2015/7/3 3:00,2015/7/3 4:00,3,82,26,13,58,4,7,82,PM2.5,良
2015/7/3 4:00,2015/7/3 5:00,4,83,23,14,59,5,7,83,PM2.5,良
2015/7/3 5:00,2015/7/3 6:00,5,80,20,17,58,5,7,80,PM2.5,良
2015/7/3 6:00,2015/7/3 7:00,6,75,18,21,56,5,7,75,PM2.5,良
2015/7/3 7:00,2015/7/3 8:00,7,67,21,23,51,6,7,67,PM2.5,良
2015/7/3 8:00,2015/7/3 9:00,8,64,27,24,52,5,8,64,PM2.5,良
2015/7/3 9:00,2015/7/3 10:00,9,80,39,19,62,5,9,80,PM2.5,良
2015/7/3 10:00,2015/7/3 11:00,10,102,48,13,68,4,9,102,PM2.5,轻度污染
2015/7/3 11:00,2015/7/3 12:00,11,98,57,11,65,4,9,98,PM2.5,良
2015/7/3 12:00,2015/7/3 13:00,12,93,57,11,63,5,9,93,PM2.5,良
2015/7/3 13:00,2015/7/3 14:00,13,99,47,14,67,5,9,99,PM2.5,良
2015/7/3 14:00,2015/7/3 15:00,14,104,46,14,70,5,9,104,PM2.5,轻度污染
2015/7/3 15:00,2015/7/3 16:00,15,112,50,12,75,5,9,112,PM2.5,轻度污染
2015/7/3 16:00,2015/7/3 17:00,16,125,52,10,77,5,9,125,PM2.5,轻度污染
2015/7/3 17:00,2015/7/3 18:00,17,128,48,13,80,4,10,128,PM2.5,轻度污染
2015/7/3 18:00,2015/7/3 19:00,18,135,47,14,82,4,10,135,PM2.5,轻度污染
2015/7/3 19:00,2015/7/3 20:00,19,139,46,13,84,4,11,139,PM2.5,轻度污染
2015/7/3 20:00,2015/7/3 21:00,20,147,47,12,87,4,11,147,PM2.5,轻度污染
2015/7/3 21:00,2015/7/3 22:00,21,149,48,12,89,5,10,149,PM2.5,轻度污染
2015/7/3 22:00,2015/7/3 23:00,22,147,46,11,87,4,10,147,PM2.5,轻度污染
2015/7/3 23:00,2015/7/4 0:00,23,147,42,12,86,5,10,147,PM2.5,轻度污染
2015/7/4 0:00,2015/7/4 1:00,0,144,40,10,86,5,10,144,PM2.5,轻度污染
2015/7/4 1:00,2015/7/4 2:00,1,148,37,13,87,5,10,148,PM2.5,轻度污染
2015/7/4 2:00,2015/7/4 3:00,2,149,35,14,88,5,9,149,PM2.5,轻度污染
2015/7/4 3:00,2015/7/4 4:00,3,147,39,10,88,4,9,147,PM2.5,轻度污染
2015/7/4 4:00,2015/7/4 5:00,4,142,40,8,84,4,9,142,PM2.5,轻度污染
2015/7/4 5:00,2015/7/4 6:00,5,137,38,10,82,4,9,137,PM2.5,轻度污染
2015/7/4 6:00,2015/7/4 7:00,6,128,35,14,78,4,9,128,PM2.5,轻度污染
2015/7/4 7:00,2015/7/4 8:00,7,122,32,18,76,4,10,122,PM2.5,轻度污染
2015/7/4 8:00,2015/7/4 9:00,8,102,30,21,68,6,9,102,PM2.5,轻度污染
2015/7/4 9:00,2015/7/4 10:00,9,85,30,17,60,4,7,85,PM2.5,良
2015/7/4 10:00,2015/7/4 11:00,10,59,28,17,46,3,7,59,PM2.5,良
2015/7/4 11:00,2015/7/4 12:00,11,38,27,16,29,4,6,38,,优
2015/7/4 12:00,2015/7/4 13:00,12,25,27,18,22,4,6,27,,优
2015/7/4 13:00,2015/7/4 14:00,13,23,28,17,25,4,5,28,,优
2015/7/4 14:00,2015/7/4 15:00,14,23,30,16,24,4,5,30,,优
2015/7/4 15:00,2015/7/4 16:00,15,25,32,16,28,4,5,32,,优
2015/7/4 16:00,2015/7/4 17:00,16,22,31,17,31,4,5,31,,优
2015/7/4 17:00,2015/7/4 18:00,17,23,30,17,34,4,6,34,,优
2015/7/4 18:00,2015/7/4 19:00,18,26,28,20,39,4,6,39,,优
2015/7/4 19:00,2015/7/4 20:00,19,30,24,23,41,4,6,41,,优
2015/7/4 20:00,2015/7/4 21:00,20,36,23,22,47,4,7,47,,优
2015/7/4 21:00,2015/7/4 22:00,21,43,21,23,50,4,7,50,,优
2015/7/4 22:00,2015/7/4 23:00,22,52,21,22,49,4,7,52,PM2.5,良
2015/7/4 23:00,2015/7/5 0:00,23,52,24,16,46,4,6,52,PM2.5,良
2015/7/5 0:00,2015/7/5 1:00,0,52,25,13,45,4,6,52,PM2.5,良
2015/7/5 1:00,2015/7/5 2:00,1,53,26,14,45,4,6,53,PM2.5,良
2015/7/5 2:00,2015/7/5 3:00,2,48,26,11,39,4,6,48,,优
2015/7/5 3:00,2015/7/5 4:00,3,43,26,11,33,3,6,43,,优
2015/7/5 4:00,2015/7/5 5:00,4,40,26,10,31,4,6,40,,优
2015/7/5 5:00,2015/7/5 6:00,5,39,26,12,32,4,6,39,,优
2015/7/5 6:00,2015/7/5 7:00,6,40,21,21,35,5,6,40,,优
2015/7/5 7:00,2015/7/5 8:00,7,42,23,23,35,6,6,42,,优
2015/7/5 8:00,2015/7/5 9:00,8,32,32,16,27,5,6,32,,优
2015/7/5 9:00,2015/7/5 10:00,9,23,36,12,27,4,6,36,,优
2015/7/5 10:00,2015/7/5 11:00,10,23,36,12,27,4,6,36,,优
2015/7/5 11:00,2015/7/5 12:00,11,25,36,12,27,4,6,36,,优
2015/7/5 12:00,2015/7/5 13:00,12,22,39,10,20,4,6,39,,优
2015/7/5 13:00,2015/7/5 14:00,13,18,40,9,19,4,5,40,,优
2015/7/5 14:00,2015/7/5 15:00,14,20,41,9,22,4,5,41,,优
2015/7/5 15:00,2015/7/5 16:00,15,20,40,10,24,4,5,40,,优
2015/7/5 16:00,2015/7/5 17:00,16,22,38,12,25,4,6,38,,优
2015/7/5 17:00,2015/7/5 18:00,17,25,34,15,32,4,6,34,,优
2015/7/5 18:00,2015/7/5 19:00,18,29,28,20,41,4,7,41,,优
2015/7/5 19:00,2015/7/5 20:00,19,39,25,22,40,3,7,40,,优
2015/7/5 20:00,2015/7/5 21:00,20,40,26,19,33,3,7,40,,优
2015/7/5 21:00,2015/7/5 22:00,21,29,29,15,23,3,6,29,,优
2015/7/5 22:00,2015/7/5 23:00,22,23,29,14,22,3,6,29,,优
2015/7/5 23:00,2015/7/6 0:00,23,20,28,14,21,3,6,28,,优
2015/7/6 0:00,2015/7/6 1:00,0,26,27,13,26,3,6,27,,优
2015/7/6 1:00,2015/7/6 2:00,1,32,27,13,26,3,6,32,,优
2015/7/6 2:00,2015/7/6 3:00,2,29,30,10,24,3,5,30,,优
2015/7/6 3:00,2015/7/6 4:00,3,26,33,8,20,3,5,33,,优
2015/7/6 4:00,2015/7/6 5:00,4,23,33,8,19,3,5,33,,优
2015/7/6 5:00,2015/7/6 6:00,5,20,31,11,20,4,6,31,,优
2015/7/6 6:00,2015/7/6 7:00,6,20,25,20,24,4,6,25,,优
2015/7/6 7:00,2015/7/6 8:00,7,26,21,27,31,4,7,31,,优
2015/7/6 8:00,2015/7/6 9:00,8,32,27,20,34,4,7,34,,优
2015/7/6 9:00,2015/7/6 10:00,9,38,27,18,39,4,7,39,,优
2015/7/6 10:00,2015/7/6 11:00,10,46,27,17,43,4,7,46,,优
2015/7/6 11:00,2015/7/6 12:00,11,49,30,12,37,4,6,49,,优
2015/7/6 12:00,2015/7/6 13:00,12,35,33,10,25,4,5,35,,优
2015/7/6 13:00,2015/7/6 14:00,13,18,33,12,14,4,4,33,,优
2015/7/6 14:00,2015/7/6 15:00,14,13,31,14,16,4,5,31,,优
2015/7/6 15:00,2015/7/6 16:00,15,10,30,16,11,4,5,30,,优
2015/7/6 16:00,2015/7/6 17:00,16,12,31,17,13,4,5,31,,优
2015/7/6 17:00,2015/7/6 18:00,17,12,28,20,16,4,6,28,,优
2015/7/6 18:00,2015/7/6 19:00,18,16,26,23,20,4,6,26,,优
2015/7/6 19:00,2015/7/6 20:00,19,20,28,20,21,4,6,28,,优
2015/7/6 20:00,2015/7/6 21:00,20,16,29,17,22,4,6,29,,优
2015/7/6 21:00,2015/7/6 22:00,21,19,31,14,20,3,6,31,,优
2015/7/6 22:00,2015/7/6 23:00,22,18,32,13,17,4,5,32,,优
2015/7/6 23:00,2015/7/7 0:00,23,19,33,11,19,4,5,33,,优
2015/7/7 0:00,2015/7/7 1:00,0,20,33,9,22,3,5,33,,优
2015/7/7 1:00,2015/7/7 2:00,1,23,38,8,21,4,5,38,,优
2015/7/7 2:00,2015/7/7 3:00,2,20,36,7,18,4,5,36,,优
2015/7/7 3:00,2015/7/7 4:00,3,19,37,7,18,4,5,37,,优
2015/7/7 4:00,2015/7/7 5:00,4,20,37,7,22,4,5,37,,优
2015/7/7 5:00,2015/7/7 6:00,5,28,35,10,27,4,7,35,,优
2015/7/7 6:00,2015/7/7 7:00,6,26,33,13,23,3,8,33,,优
2015/7/7 7:00,2015/7/7 8:00,7,23,32,16,23,3,8,32,,优
2015/7/7 8:00,2015/7/7 9:00,8,25,32,14,24,4,8,32,,优
2015/7/7 9:00,2015/7/7 10:00,9,23,34,12,21,4,7,34,,优
2015/7/7 10:00,2015/7/7 11:00,10,23,35,11,25,4,6,35,,优
2015/7/7 11:00,2015/7/7 12:00,11,22,36,11,22,4,6,36,,优
2015/7/7 12:00,2015/7/7 13:00,12,20,35,11,22,3,7,35,,优
2015/7/7 13:00,2015/7/7 14:00,13,20,34,13,23,5,7,34,,优
2015/7/7 14:00,2015/7/7 15:00,14,19,34,13,24,5,6,34,,优
2015/7/7 15:00,2015/7/7 16:00,15,18,34,14,26,5,7,34,,优
2015/7/7 16:00,2015/7/7 17:00,16,19,31,17,28,5,7,31,,优
2015/7/7 17:00,2015/7/7 18:00,17,20,31,18,28,4,7,31,,优
2015/7/7 18:00,2015/7/7 19:00,18,25,32,18,28,5,7,32,,优
2015/7/7 19:00,2015/7/7 20:00,19,29,32,17,34,4,8,34,,优
2015/7/7 20:00,2015/7/7 21:00,20,36,31,17,35,4,7,36,,优
2015/7/7 21:00,2015/7/7 22:00,21,38,34,14,33,3,6,38,,优
2015/7/7 22:00,2015/7/7 23:00,22,35,34,13,32,3,6,35,,优
2015/7/7 23:00,2015/7/8 0:00,23,35,34,13,34,3,7,35,,优
2015/7/8 0:00,2015/7/8 1:00,0,36,32,11,32,3,7,36,,优
2015/7/8 1:00,2015/7/8 2:00,1,38,31,13,34,3,7,38,,优
2015/7/8 2:00,2015/7/8 3:00,2,40,29,12,36,3,7,40,,优
2015/7/8 3:00,2015/7/8 4:00,3,45,28,12,38,3,6,45,,优
2015/7/8 4:00,2015/7/8 5:00,4,39,29,12,32,3,6,39,,优
2015/7/8 5:00,2015/7/8 6:00,5,38,29,13,31,3,7,38,,优
2015/7/8 6:00,2015/7/8 7:00,6,40,26,18,34,3,7,40,,优
2015/7/8 7:00,2015/7/8 8:00,7,39,25,20,32,3,7,39,,优
2015/7/8 8:00,2015/7/8 9:00,8,35,28,18,31,3,8,35,,优
2015/7/8 9:00,2015/7/8 10:00,9,36,29,16,35,4,7,36,,优
2015/7/8 10:00,2015/7/8 11:00,10,36,30,14,38,5,7,38,,优
2015/7/8 11:00,2015/7/8 12:00,11,33,30,12,35,5,6,35,,优
2015/7/8 12:00,2015/7/8 13:00,12,28,31,10,31,3,6,31,,优
2015/7/8 13:00,2015/7/8 14:00,13,26,31,10,28,3,6,31,,优
2015/7/8 14:00,2015/7/8 15:00,14,20,32,10,27,3,6,32,,优
2015/7/8 15:00,2015/7/8 16:00,15,23,31,13,31,3,6,31,,优
2015/7/8 16:00,2015/7/8 17:00,16,28,30,14,34,4,6,34,,优
2015/7/8 17:00,2015/7/8 18:00,17,28,25,17,32,5,6,32,,优
2015/7/8 18:00,2015/7/8 19:00,18,28,25,18,31,5,7,31,,优
2015/7/8 19:00,2015/7/8 20:00,19,28,25,17,33,4,6,33,,优
2015/7/8 20:00,2015/7/8 21:00,20,28,26,15,31,4,6,31,,优
2015/7/8 21:00,2015/7/8 22:00,21,26,27,14,30,4,6,30,,优
2015/7/8 22:00,2015/7/8 23:00,22,32,30,12,30,4,6,32,,优
2015/7/8 23:00,2015/7/9 0:00,23,36,31,10,34,4,6,36,,优
2015/7/9 0:00,2015/7/9 1:00,0,38,30,8,36,4,5,38,,优
2015/7/9 1:00,2015/7/9 2:00,1,40,32,9,32,4,5,40,,优
2015/7/9 2:00,2015/7/9 3:00,2,35,27,9,28,4,5,35,,优
2015/7/9 3:00,2015/7/9 4:00,3,33,25,8,29,4,5,33,,优
2015/7/9 4:00,2015/7/9 5:00,4,32,21,10,30,4,5,32,,优
2015/7/9 5:00,2015/7/9 6:00,5,33,17,14,32,4,6,33,,优
2015/7/9 6:00,2015/7/9 7:00,6,35,13,18,37,4,6,37,,优
2015/7/9 7:00,2015/7/9 8:00,7,38,13,19,41,4,7,41,,优
2015/7/9 8:00,2015/7/9 9:00,8,36,14,18,41,4,8,41,,优
2015/7/9 9:00,2015/7/9 10:00,9,35,15,16,39,3,7,39,,优
2015/7/9 10:00,2015/7/9 11:00,10,35,15,15,38,3,7,38,,优
2015/7/9 11:00,2015/7/9 12:00,11,32,15,13,38,3,7,38,,优
2015/7/9 12:00,2015/7/9 13:00,12,26,14,11,40,3,6,40,,优
2015/7/9 13:00,2015/7/9 14:00,13,28,12,9,39,3,5,39,,优
2015/7/9 14:00,2015/7/9 15:00,14,22,11,9,31,3,6,31,,优
2015/7/9 15:00,2015/7/9 16:00,15,23,10,12,27,3,6,27,,优
2015/7/9 16:00,2015/7/9 17:00,16,25,8,14,27,3,6,27,,优
2015/7/9 17:00,2015/7/9 18:00,17,33,7,15,33,3,6,33,,优
2015/7/9 18:00,2015/7/9 19:00,18,36,6,17,37,3,6,37,,优
2015/7/9 19:00,2015/7/9 20:00,19,39,5,17,38,4,6,39,,优
2015/7/9 20:00,2015/7/9 21:00,20,36,6,16,39,4,6,39,,优
2015/7/9 21:00,2015/7/9 22:00,21,36,7,15,37,3,5,37,,优
2015/7/9 22:00,2015/7/9 23:00,22,32,11,12,32,3,5,32,,优
2015/7/9 23:00,2015/7/10 0:00,23,32,14,10,35,3,5,35,,优
2015/7/10 0:00,2015/7/10 1:00,0,35,17,8,37,3,5,37,,优
2015/7/10 1:00,2015/7/10 2:00,1,36,18,7,30,3,5,36,,优
2015/7/10 2:00,2015/7/10 3:00,2,30,18,6,24,3,5,30,,优
2015/7/10 3:00,2015/7/10 4:00,3,26,19,5,22,3,5,26,,优
2015/7/10 4:00,2015/7/10 5:00,4,26,19,7,26,4,5,26,,优
2015/7/10 5:00,2015/7/10 6:00,5,25,16,9,30,4,5,30,,优
2015/7/10 6:00,2015/7/10 7:00,6,22,15,12,32,4,5,32,,优
2015/7/10 7:00,2015/7/10 8:00,7,22,15,11,38,4,5,38,,优
2015/7/10 8:00,2015/7/10 9:00,8,22,15,9,40,4,5,40,,优
2015/7/10 9:00,2015/7/10 10:00,9,28,17,7,37,4,5,37,,优
2015/7/10 10:00,2015/7/10 11:00,10,25,19,7,36,4,5,36,,优
2015/7/10 11:00,2015/7/10 12:00,11,25,20,6,34,4,5,34,,优
2015/7/10 12:00,2015/7/10 13:00,12,26,21,5,36,4,5,36,,优
2015/7/10 13:00,2015/7/10 14:00,13,25,21,5,33,4,5,33,,优
2015/7/10 14:00,2015/7/10 15:00,14,25,20,5,33,3,5,33,,优
2015/7/10 15:00,2015/7/10 16:00,15,28,20,6,37,3,5,37,,优
2015/7/10 16:00,2015/7/10 17:00,16,29,19,7,35,3,5,35,,优
2015/7/10 17:00,2015/7/10 18:00,17,29,18,8,35,3,5,35,,优
2015/7/10 18:00,2015/7/10 19:00,18,30,19,8,37,3,5,37,,优
2015/7/10 19:00,2015/7/10 20:00,19,26,19,7,36,3,5,36,,优
2015/7/10 20:00,2015/7/10 21:00,20,20,19,6,25,3,5,25,,优
2015/7/10 21:00,2015/7/10 22:00,21,18,20,5,23,3,5,23,,优
2015/7/10 22:00,2015/7/10 23:00,22,19,20,4,23,3,4,23,,优
2015/7/10 23:00,2015/7/11 0:00,23,13,20,3,15,3,5,20,,优
2015/7/11 0:00,2015/7/11 1:00,0,13,20,2,16,3,4,20,,优
2015/7/11 1:00,2015/7/11 2:00,1,16,18,2,15,3,4,18,,优
2015/7/11 2:00,2015/7/11 3:00,2,15,17,2,13,3,4,17,,优
2015/7/11 3:00,2015/7/11 4:00,3,16,16,2,16,3,4,16,,优
2015/7/11 4:00,2015/7/11 5:00,4,8,16,2,10,3,4,16,,优
2015/7/11 5:00,2015/7/11 6:00,5,8,16,2,12,3,4,16,,优
2015/7/11 6:00,2015/7/11 7:00,6,8,16,3,10,3,4,16,,优
2015/7/11 7:00,2015/7/11 8:00,7,5,15,3,11,3,4,15,,优
2015/7/11 8:00,2015/7/11 9:00,8,6,15,3,8,3,4,15,,优
2015/7/11 9:00,2015/7/11 10:00,9,6,15,3,7,3,5,15,,优
2015/7/11 10:00,2015/7/11 11:00,10,9,16,3,7,3,4,16,,优
2015/7/11 11:00,2015/7/11 12:00,11,5,16,3,4,4,4,16,,优
2015/7/11 12:00,2015/7/11 13:00,12,8,17,3,9,3,4,17,,优
2015/7/11 13:00,2015/7/11 14:00,13,9,17,3,8,3,4,17,,优
2015/7/11 14:00,2015/7/11 15:00,14,8,18,3,7,3,4,18,,优
2015/7/11 15:00,2015/7/11 16:00,15,5,18,3,5,3,5,18,,优
2015/7/11 16:00,2015/7/11 17:00,16,5,18,4,6,3,5,18,,优
2015/7/11 17:00,2015/7/11 18:00,17,6,20,4,5,3,5,20,,优
2015/7/11 18:00,2015/7/11 19:00,18,8,20,4,7,3,5,20,,优
2015/7/11 19:00,2015/7/11 20:00,19,8,20,4,8,3,5,20,,优
2015/7/11 20:00,2015/7/11 21:00,20,8,20,5,7,3,5,20,,优
2015/7/11 21:00,2015/7/11 22:00,21,8,20,5,7,3,6,20,,优
2015/7/11 22:00,2015/7/11 23:00,22,8,21,5,8,3,6,21,,优
2015/7/11 23:00,2015/7/12 0:00,23,6,21,5,9,3,6,21,,优
2015/7/12 0:00,2015/7/12 1:00,0,9,20,5,8,3,6,20,,优
2015/7/12 1:00,2015/7/12 2:00,1,6,19,4,6,3,5,19,,优
2015/7/12 2:00,2015/7/12 3:00,2,6,18,4,5,3,5,18,,优
2015/7/12 3:00,2015/7/12 4:00,3,5,16,4,9,3,5,16,,优
2015/7/12 4:00,2015/7/12 5:00,4,8,13,6,14,3,7,14,,优
2015/7/12 5:00,2015/7/12 6:00,5,13,11,7,17,3,6,17,,优
2015/7/12 6:00,2015/7/12 7:00,6,13,10,8,17,3,6,17,,优
2015/7/12 7:00,2015/7/12 8:00,7,13,10,9,21,3,6,21,,优
2015/7/12 8:00,2015/7/12 9:00,8,18,10,9,19,3,6,19,,优
2015/7/12 9:00,2015/7/12 10:00,9,25,11,10,24,3,6,25,,优
2015/7/12 10:00,2015/7/12 11:00,10,28,13,12,27,3,7,28,,优
2015/7/12 11:00,2015/7/12 12:00,11,25,16,10,21,3,7,25,,优
2015/7/12 12:00,2015/7/12 13:00,12,28,22,10,26,4,6,28,,优
2015/7/12 13:00,2015/7/12 14:00,13,32,23,10,34,4,6,34,,优
2015/7/12 14:00,2015/7/12 15:00,14,38,28,10,40,4,6,40,,优
2015/7/12 15:00,2015/7/12 16:00,15,36,35,10,35,4,6,36,,优
2015/7/12 16:00,2015/7/12 17:00,16,35,36,11,35,4,6,36,,优
2015/7/12 17:00,2015/7/12 18:00,17,35,34,13,45,4,6,45,,优
2015/7/12 18:00,2015/7/12 19:00,18,43,30,18,53,5,7,53,PM10,良
2015/7/12 19:00,2015/7/12 20:00,19,48,22,25,62,4,8,62,PM10,良
2015/7/12 20:00,2015/7/12 21:00,20,57,20,26,76,4,9,76,PM10,良
2015/7/12 21:00,2015/7/12 22:00,21,62,17,28,64,5,9,64,PM10,良
2015/7/12 22:00,2015/7/12 23:00,22,63,14,28,59,5,9,63,PM2.5,良
2015/7/12 23:00,2015/7/13 0:00,23,65,11,28,60,6,9,65,PM2.5,良
2015/7/13 0:00,2015/7/13 1:00,0,74,9,28,62,7,9,74,PM2.5,良
2015/7/13 1:00,2015/7/13 2:00,1,79,9,26,59,8,10,79,PM2.5,良
2015/7/13 2:00,2015/7/13 3:00,2,75,9,26,58,8,8,75,PM2.5,良
2015/7/13 3:00,2015/7/13 4:00,3,73,10,24,58,8,8,73,PM2.5,良
2015/7/13 4:00,2015/7/13 5:00,4,72,13,21,58,7,8,72,PM2.5,良
2015/7/13 5:00,2015/7/13 6:00,5,68,15,21,55,6,8,68,PM2.5,良
2015/7/13 6:00,2015/7/13 7:00,6,67,15,27,54,5,9,67,PM2.5,良
2015/7/13 7:00,2015/7/13 8:00,7,60,18,27,52,5,8,60,PM2.5,良
2015/7/13 8:00,2015/7/13 9:00,8,53,22,25,56,5,8,56,PM10,良
2015/7/13 9:00,2015/7/13 10:00,9,58,29,21,66,6,8,66,PM10,良
2015/7/13 10:00,2015/7/13 11:00,10,73,41,20,78,6,9,78,PM10,良
2015/7/13 11:00,2015/7/13 12:00,11,97,84,16,81,7,9,97,PM2.5,良
2015/7/13 12:00,2015/7/13 13:00,12,120,113,12,82,5,9,120,PM2.5,轻度污染
2015/7/13 13:00,2015/7/13 14:00,13,134,127,13,88,5,9,134,PM2.5,轻度污染
2015/7/13 14:00,2015/7/13 15:00,14,130,127,13,92,5,9,130,PM2.5,轻度污染
2015/7/13 15:00,2015/7/13 16:00,15,132,127,14,100,5,9,132,PM2.5,轻度污染
2015/7/13 16:00,2015/7/13 17:00,16,139,132,17,105,6,10,139,PM2.5,轻度污染
2015/7/13 17:00,2015/7/13 18:00,17,152,130,23,131,6,11,152,PM2.5,中度污染
2015/7/13 18:00,2015/7/13 19:00,18,166,116,25,117,5,11,166,PM2.5,中度污染
2015/7/13 19:00,2015/7/13 20:00,19,166,90,26,110,5,10,166,PM2.5,中度污染
2015/7/13 20:00,2015/7/13 21:00,20,170,79,22,99,5,10,170,PM2.5,中度污染
2015/7/13 21:00,2015/7/13 22:00,21,156,52,21,90,6,9,156,PM2.5,中度污染
2015/7/13 22:00,2015/7/13 23:00,22,127,37,23,79,6,8,127,PM2.5,轻度污染
2015/7/13 23:00,2015/7/14 0:00,23,115,26,25,73,6,9,115,PM2.5,轻度污染
2015/7/14 0:00,2015/7/14 1:00,0,115,22,26,73,6,9,115,PM2.5,轻度污染
2015/7/14 1:00,2015/7/14 2:00,1,114,21,25,73,5,9,114,PM2.5,轻度污染
2015/7/14 2:00,2015/7/14 3:00,2,104,16,26,67,5,9,104,PM2.5,轻度污染
2015/7/14 3:00,2015/7/14 4:00,3,98,13,27,65,5,9,98,PM2.5,良
2015/7/14 4:00,2015/7/14 5:00,4,99,10,30,66,5,10,99,PM2.5,良
2015/7/14 5:00,2015/7/14 6:00,5,102,8,31,68,5,11,102,PM2.5,轻度污染
2015/7/14 6:00,2015/7/14 7:00,6,108,8,35,71,6,12,108,PM2.5,轻度污染
2015/7/14 7:00,2015/7/14 8:00,7,112,11,43,76,6,13,112,PM2.5,轻度污染
2015/7/14 8:00,2015/7/14 9:00,8,115,30,40,78,6,12,115,PM2.5,轻度污染
2015/7/14 9:00,2015/7/14 10:00,9,120,77,26,77,5,10,120,PM2.5,轻度污染
2015/7/14 10:00,2015/7/14 11:00,10,129,111,20,85,5,9,129,PM2.5,轻度污染
2015/7/14 11:00,2015/7/14 12:00,11,130,120,18,101,5,9,130,PM2.5,轻度污染
2015/7/14 12:00,2015/7/14 13:00,12,129,120,14,90,4,8,129,PM2.5,轻度污染
2015/7/14 13:00,2015/7/14 14:00,13,117,110,12,97,5,8,117,PM2.5,轻度污染
2015/7/14 14:00,2015/7/14 15:00,14,105,103,12,87,4,7,105,PM2.5,轻度污染
2015/7/14 15:00,2015/7/14 16:00,15,99,101,12,69,4,7,101,O3 1小时,轻度污染
2015/7/14 16:00,2015/7/14 17:00,16,94,77,14,67,4,7,94,PM2.5,良
2015/7/14 17:00,2015/7/14 18:00,17,92,45,20,72,3,8,92,PM2.5,良
2015/7/14 18:00,2015/7/14 19:00,18,92,35,23,77,4,7,92,PM2.5,良
2015/7/14 19:00,2015/7/14 20:00,19,89,27,25,75,4,7,89,PM2.5,良
2015/7/14 20:00,2015/7/14 21:00,20,82,26,21,69,4,7,82,PM2.5,良
2015/7/14 21:00,2015/7/14 22:00,21,73,25,18,56,4,6,73,PM2.5,良
2015/7/14 22:00,2015/7/14 23:00,22,68,22,19,53,4,6,68,PM2.5,良
2015/7/14 23:00,2015/7/15 0:00,23,64,21,18,47,4,5,64,PM2.5,良
2015/7/15 0:00,2015/7/15 1:00,0,58,22,13,43,4,5,58,PM2.5,良
2015/7/15 1:00,2015/7/15 2:00,1,54,22,13,39,4,5,54,PM2.5,良
2015/7/15 2:00,2015/7/15 3:00,2,49,21,13,35,3,5,49,,优
2015/7/15 3:00,2015/7/15 4:00,3,46,19,14,35,4,5,46,,优
2015/7/15 4:00,2015/7/15 5:00,4,50,16,16,41,4,5,50,,优
2015/7/15 5:00,2015/7/15 6:00,5,54,13,19,50,4,6,54,PM2.5,良
2015/7/15 6:00,2015/7/15 7:00,6,59,13,19,52,4,6,59,PM2.5,良
2015/7/15 7:00,2015/7/15 8:00,7,63,16,17,53,4,6,63,PM2.5,良
2015/7/15 8:00,2015/7/15 9:00,8,54,20,15,52,4,6,54,PM2.5,良
2015/7/15 9:00,2015/7/15 10:00,9,52,24,14,51,3,6,52,PM2.5,良
2015/7/15 10:00,2015/7/15 11:00,10,52,31,12,51,3,5,52,PM2.5,良
2015/7/15 11:00,2015/7/15 12:00,11,60,33,11,53,3,6,60,PM2.5,良
2015/7/15 12:00,2015/7/15 13:00,12,54,35,10,52,3,5,54,PM2.5,良
2015/7/15 13:00,2015/7/15 14:00,13,52,35,9,43,4,5,52,PM2.5,良
2015/7/15 14:00,2015/7/15 15:00,14,42,32,10,43,3,5,43,,优
2015/7/15 15:00,2015/7/15 16:00,15,40,27,11,40,3,5,40,,优
2015/7/15 16:00,2015/7/15 17:00,16,30,24,10,32,3,5,32,,优
2015/7/15 17:00,2015/7/15 18:00,17,23,19,13,28,4,5,28,,优
2015/7/15 18:00,2015/7/15 19:00,18,23,19,13,29,3,5,29,,优
2015/7/15 19:00,2015/7/15 20:00,19,25,19,11,27,3,5,27,,优
2015/7/15 20:00,2015/7/15 21:00,20,22,16,11,24,3,4,24,,优
2015/7/15 21:00,2015/7/15 22:00,21,22,15,12,19,3,4,22,,优
2015/7/15 22:00,2015/7/15 23:00,22,20,14,14,20,4,4,20,,优
2015/7/15 23:00,2015/7/16 0:00,23,28,14,14,26,4,4,28,,优
2015/7/16 0:00,2015/7/16 1:00,0,29,19,9,24,4,4,29,,优
2015/7/16 1:00,2015/7/16 2:00,1,29,21,7,25,3,4,29,,优
2015/7/16 2:00,2015/7/16 3:00,2,36,20,7,30,3,4,36,,优
2015/7/16 3:00,2015/7/16 4:00,3,40,20,7,34,3,4,40,,优
2015/7/16 4:00,2015/7/16 5:00,4,40,18,8,32,3,5,40,,优
2015/7/16 5:00,2015/7/16 6:00,5,38,15,11,34,3,5,38,,优
2015/7/16 6:00,2015/7/16 7:00,6,33,14,13,31,3,5,33,,优
2015/7/16 7:00,2015/7/16 8:00,7,32,16,13,29,3,5,32,,优
2015/7/16 8:00,2015/7/16 9:00,8,33,19,12,36,3,5,36,,优
2015/7/16 9:00,2015/7/16 10:00,9,33,22,10,35,3,5,35,,优
2015/7/16 10:00,2015/7/16 11:00,10,38,20,10,39,4,5,39,,优
2015/7/16 11:00,2015/7/16 12:00,11,36,20,9,41,4,4,41,,优
2015/7/16 12:00,2015/7/16 13:00,12,35,22,8,37,4,4,37,,优
2015/7/16 13:00,2015/7/16 14:00,13,45,24,7,39,3,4,45,,优
2015/7/16 14:00,2015/7/16 15:00,14,38,23,7,35,3,4,38,,优
2015/7/16 15:00,2015/7/16 16:00,15,36,20,9,43,3,4,43,,优
2015/7/16 16:00,2015/7/16 17:00,16,32,17,10,45,3,4,45,,优
2015/7/16 17:00,2015/7/16 18:00,17,35,15,11,42,3,5,42,,优
2015/7/16 18:00,2015/7/16 19:00,18,40,13,13,40,3,5,40,,优
2015/7/16 19:00,2015/7/16 20:00,19,38,13,13,39,3,5,39,,优
2015/7/16 20:00,2015/7/16 21:00,20,38,13,13,36,3,5,38,,优
2015/7/16 21:00,2015/7/16 22:00,21,42,16,12,38,3,5,42,,优
2015/7/16 22:00,2015/7/16 23:00,22,49,19,12,49,3,5,49,,优
2015/7/16 23:00,2015/7/17 0:00,23,57,21,10,53,3,5,57,PM2.5,良
2015/7/17 0:00,2015/7/17 1:00,0,63,23,8,55,3,5,63,PM2.5,良
2015/7/17 1:00,2015/7/17 2:00,1,65,23,7,54,3,6,65,PM2.5,良
2015/7/17 2:00,2015/7/17 3:00,2,63,23,6,51,3,6,63,PM2.5,良
2015/7/17 3:00,2015/7/17 4:00,3,58,23,6,50,3,5,58,PM2.5,良
2015/7/17 4:00,2015/7/17 5:00,4,52,23,6,42,3,5,52,PM2.5,良
2015/7/17 5:00,2015/7/17 6:00,5,46,23,7,39,3,5,46,,优
2015/7/17 6:00,2015/7/17 7:00,6,40,21,11,39,3,6,40,,优
2015/7/17 7:00,2015/7/17 8:00,7,39,20,13,42,3,6,42,,优
2015/7/17 8:00,2015/7/17 9:00,8,38,21,12,45,5,6,45,,优
2015/7/17 9:00,2015/7/17 10:00,9,39,22,12,46,3,6,46,,优
2015/7/17 10:00,2015/7/17 11:00,10,38,23,11,51,3,6,51,PM10,良
2015/7/17 11:00,2015/7/17 12:00,11,40,26,10,51,3,6,51,PM10,良
2015/7/17 12:00,2015/7/17 13:00,12,38,27,8,43,3,5,43,,优
2015/7/17 13:00,2015/7/17 14:00,13,40,26,9,46,3,5,46,,优
2015/7/17 14:00,2015/7/17 15:00,14,38,26,10,46,3,5,46,,优
2015/7/17 15:00,2015/7/17 16:00,15,38,25,11,45,3,5,45,,优
2015/7/17 16:00,2015/7/17 17:00,16,35,25,11,49,3,5,49,,优
2015/7/17 17:00,2015/7/17 18:00,17,38,23,12,51,3,6,51,PM10,良
2015/7/17 18:00,2015/7/17 19:00,18,39,21,13,51,3,6,51,PM10,良
2015/7/17 19:00,2015/7/17 20:00,19,39,19,12,45,3,5,45,,优
2015/7/17 20:00,2015/7/17 21:00,20,32,19,10,41,3,5,41,,优
2015/7/17 21:00,2015/7/17 22:00,21,32,20,10,42,3,5,42,,优
2015/7/17 22:00,2015/7/17 23:00,22,35,20,9,41,3,5,41,,优
2015/7/17 23:00,2015/7/18 0:00,23,38,20,8,38,3,5,38,,优
2015/7/18 0:00,2015/7/18 1:00,0,33,21,8,37,3,5,37,,优
2015/7/18 1:00,2015/7/18 2:00,1,30,20,7,34,3,5,34,,优
2015/7/18 2:00,2015/7/18 3:00,2,28,20,7,35,3,5,35,,优
2015/7/18 3:00,2015/7/18 4:00,3,28,19,7,35,3,5,35,,优
2015/7/18 4:00,2015/7/18 5:00,4,28,19,7,35,3,5,35,,优
2015/7/18 5:00,2015/7/18 6:00,5,30,18,7,36,3,5,36,,优
2015/7/18 6:00,2015/7/18 7:00,6,28,17,9,39,3,5,39,,优
2015/7/18 7:00,2015/7/18 8:00,7,32,15,12,44,3,5,44,,优
2015/7/18 8:00,2015/7/18 9:00,8,32,15,12,49,4,5,49,,优
2015/7/18 9:00,2015/7/18 10:00,9,35,17,10,51,4,6,51,PM10,良
2015/7/18 10:00,2015/7/18 11:00,10,39,20,10,54,3,6,54,PM10,良
2015/7/18 11:00,2015/7/18 12:00,11,43,25,9,56,4,6,56,PM10,良
2015/7/18 12:00,2015/7/18 13:00,12,46,31,8,54,3,6,54,PM10,良
2015/7/18 13:00,2015/7/18 14:00,13,49,33,8,54,4,6,54,PM10,良
2015/7/18 14:00,2015/7/18 15:00,14,48,33,8,55,3,5,55,PM10,良
2015/7/18 15:00,2015/7/18 16:00,15,46,29,9,53,3,5,53,PM10,良
2015/7/18 16:00,2015/7/18 17:00,16,39,26,10,49,3,5,49,,优
2015/7/18 17:00,2015/7/18 18:00,17,40,22,10,44,3,6,44,,优
2015/7/18 18:00,2015/7/18 19:00,18,38,19,11,40,3,6,40,,优
2015/7/18 19:00,2015/7/18 20:00,19,36,19,9,41,3,6,41,,优
2015/7/18 20:00,2015/7/18 21:00,20,30,19,8,32,3,5,32,,优
2015/7/18 21:00,2015/7/18 22:00,21,28,19,7,28,3,5,28,,优
2015/7/18 22:00,2015/7/18 23:00,22,26,19,7,26,3,5,26,,优
2015/7/18 23:00,2015/7/19 0:00,23,23,18,7,27,3,5,27,,优
2015/7/19 0:00,2015/7/19 1:00,0,25,17,6,27,3,5,27,,优
2015/7/19 1:00,2015/7/19 2:00,1,26,17,6,25,3,5,26,,优
2015/7/19 2:00,2015/7/19 3:00,2,25,18,6,26,3,5,26,,优
2015/7/19 3:00,2015/7/19 4:00,3,29,17,6,25,3,5,29,,优
2015/7/19 4:00,2015/7/19 5:00,4,29,16,7,25,3,5,29,,优
2015/7/19 5:00,2015/7/19 6:00,5,28,16,8,27,3,5,28,,优
2015/7/19 6:00,2015/7/19 7:00,6,26,15,9,29,3,5,29,,优
2015/7/19 7:00,2015/7/19 8:00,7,26,16,9,36,3,5,36,,优
2015/7/19 8:00,2015/7/19 9:00,8,30,17,9,40,3,5,40,,优
2015/7/19 9:00,2015/7/19 10:00,9,29,19,9,36,4,5,36,,优
2015/7/19 10:00,2015/7/19 11:00,10,29,21,9,39,3,5,39,,优
2015/7/19 11:00,2015/7/19 12:00,11,30,25,8,44,3,5,44,,优
2015/7/19 12:00,2015/7/19 13:00,12,35,26,7,45,3,5,45,,优
2015/7/19 13:00,2015/7/19 14:00,13,28,25,6,34,3,5,34,,优
2015/7/19 14:00,2015/7/19 15:00,14,26,25,7,28,3,5,28,,优
2015/7/19 15:00,2015/7/19 16:00,15,23,22,9,32,3,5,32,,优
2015/7/19 16:00,2015/7/19 17:00,16,29,20,10,40,3,5,40,,优
2015/7/19 17:00,2015/7/19 18:00,17,35,18,13,48,3,6,48,,优
2015/7/19 18:00,2015/7/19 19:00,18,35,15,14,37,3,6,37,,优
2015/7/19 19:00,2015/7/19 20:00,19,30,12,15,29,3,6,30,,优
2015/7/19 20:00,2015/7/19 21:00,20,30,11,15,28,3,6,30,,优
2015/7/19 21:00,2015/7/19 22:00,21,30,11,13,28,3,5,30,,优
2015/7/19 22:00,2015/7/19 23:00,22,36,11,12,30,3,5,36,,优
2015/7/19 23:00,2015/7/20 0:00,23,38,12,10,29,3,5,38,,优
2015/7/20 0:00,2015/7/20 1:00,0,33,11,10,27,3,5,33,,优
2015/7/20 1:00,2015/7/20 2:00,1,30,10,9,23,3,5,30,,优
2015/7/20 2:00,2015/7/20 3:00,2,26,11,8,21,3,5,26,,优
2015/7/20 3:00,2015/7/20 4:00,3,28,11,8,22,3,5,28,,优
2015/7/20 4:00,2015/7/20 5:00,4,29,10,8,26,3,5,29,,优
2015/7/20 5:00,2015/7/20 6:00,5,32,10,9,28,3,5,32,,优
2015/7/20 6:00,2015/7/20 7:00,6,35,9,11,32,3,5,35,,优
2015/7/20 7:00,2015/7/20 8:00,7,35,10,11,33,3,6,35,,优
2015/7/20 8:00,2015/7/20 9:00,8,35,12,11,33,3,6,35,,优
2015/7/20 9:00,2015/7/20 10:00,9,33,15,11,33,3,6,33,,优
2015/7/20 10:00,2015/7/20 11:00,10,32,19,11,34,3,6,34,,优
2015/7/20 11:00,2015/7/20 12:00,11,32,22,10,33,3,6,33,,优
2015/7/20 12:00,2015/7/20 13:00,12,36,25,9,37,3,5,37,,优
2015/7/20 13:00,2015/7/20 14:00,13,42,26,9,38,4,5,42,,优
2015/7/20 14:00,2015/7/20 15:00,14,40,29,9,36,4,5,40,,优
2015/7/20 15:00,2015/7/20 16:00,15,42,29,9,38,4,5,42,,优
2015/7/20 16:00,2015/7/20 17:00,16,42,26,10,39,4,5,42,,优
2015/7/20 17:00,2015/7/20 18:00,17,35,21,12,38,4,5,38,,优
2015/7/20 18:00,2015/7/20 19:00,18,33,16,16,42,4,6,42,,优
2015/7/20 19:00,2015/7/20 20:00,19,36,17,15,41,4,6,41,,优
2015/7/20 20:00,2015/7/20 21:00,20,39,20,13,42,3,5,42,,优
2015/7/20 21:00,2015/7/20 22:00,21,40,19,14,44,3,6,44,,优
2015/7/20 22:00,2015/7/20 23:00,22,46,16,16,50,4,6,50,,优
2015/7/20 23:00,2015/7/21 0:00,23,52,15,16,49,5,5,52,PM2.5,良
2015/7/21 0:00,2015/7/21 1:00,0,54,14,18,48,6,12,54,PM2.5,良
2015/7/21 1:00,2015/7/21 2:00,1,55,11,19,49,6,5,55,PM2.5,良
2015/7/21 2:00,2015/7/21 3:00,2,57,10,20,47,6,5,57,PM2.5,良
2015/7/21 3:00,2015/7/21 4:00,3,59,10,20,49,6,5,59,PM2.5,良
2015/7/21 4:00,2015/7/21 5:00,4,58,10,20,47,7,5,58,PM2.5,良
2015/7/21 5:00,2015/7/21 6:00,5,59,10,19,49,6,5,59,PM2.5,良
2015/7/21 6:00,2015/7/21 7:00,6,58,12,18,47,5,5,58,PM2.5,良
2015/7/21 7:00,2015/7/21 8:00,7,55,17,16,42,5,6,55,PM2.5,良
2015/7/21 8:00,2015/7/21 9:00,8,50,20,15,42,5,6,50,,优
2015/7/21 9:00,2015/7/21 10:00,9,54,23,14,45,5,6,54,PM2.5,良
2015/7/21 10:00,2015/7/21 11:00,10,52,25,13,46,4,6,52,PM2.5,良
2015/7/21 11:00,2015/7/21 12:00,11,55,23,20,53,5,7,55,PM2.5,良
2015/7/21 12:00,2015/7/21 13:00,12,55,22,21,55,4,7,55,PM2.5,良
2015/7/21 13:00,2015/7/21 14:00,13,57,26,17,58,5,6,58,PM10,良
2015/7/21 14:00,2015/7/21 15:00,14,50,25,18,57,4,6,57,PM10,良
2015/7/21 15:00,2015/7/21 16:00,15,55,25,18,60,4,6,60,PM10,良
2015/7/21 16:00,2015/7/21 17:00,16,55,21,19,59,5,6,59,PM10,良
2015/7/21 17:00,2015/7/21 18:00,17,54,19,20,56,5,7,56,PM10,良
2015/7/21 18:00,2015/7/21 19:00,18,55,15,24,60,4,7,60,PM10,良
2015/7/21 19:00,2015/7/21 20:00,19,59,12,25,61,5,6,61,PM10,良
2015/7/21 20:00,2015/7/21 21:00,20,64,13,23,61,4,6,64,PM2.5,良
2015/7/21 21:00,2015/7/21 22:00,21,68,18,19,56,3,6,68,PM2.5,良
2015/7/21 22:00,2015/7/21 23:00,22,69,20,17,57,3,6,69,PM2.5,良
2015/7/21 23:00,2015/7/22 0:00,23,74,16,17,57,4,7,74,PM2.5,良
2015/7/22 0:00,2015/7/22 1:00,0,78,17,15,57,4,7,78,PM2.5,良
2015/7/22 1:00,2015/7/22 2:00,1,72,14,14,53,4,7,72,PM2.5,良
2015/7/22 2:00,2015/7/22 3:00,2,64,10,16,50,4,6,64,PM2.5,良
2015/7/22 3:00,2015/7/22 4:00,3,53,7,18,41,4,7,53,PM2.5,良
2015/7/22 4:00,2015/7/22 5:00,4,50,6,18,39,4,7,50,,优
2015/7/22 5:00,2015/7/22 6:00,5,49,6,18,39,3,7,49,,优
2015/7/22 6:00,2015/7/22 7:00,6,48,7,16,37,3,6,48,,优
2015/7/22 7:00,2015/7/22 8:00,7,46,7,17,36,4,7,46,,优
2015/7/22 8:00,2015/7/22 9:00,8,49,9,16,45,4,7,49,,优
2015/7/22 9:00,2015/7/22 10:00,9,48,12,15,42,3,8,48,,优
2015/7/22 10:00,2015/7/22 11:00,10,39,17,14,35,4,7,39,,优
2015/7/22 11:00,2015/7/22 12:00,11,29,21,12,27,4,7,29,,优
2015/7/22 12:00,2015/7/22 13:00,12,28,27,12,32,4,7,32,,优
2015/7/22 13:00,2015/7/22 14:00,13,33,32,15,34,4,7,34,,优
2015/7/22 14:00,2015/7/22 15:00,14,36,35,20,52,4,7,52,PM10,良
2015/7/22 15:00,2015/7/22 16:00,15,40,32,28,58,5,8,58,PM10,良
2015/7/22 16:00,2015/7/22 17:00,16,49,31,31,65,5,8,65,PM10,良
2015/7/22 17:00,2015/7/22 18:00,17,62,24,35,69,5,9,69,PM10,良
2015/7/22 18:00,2015/7/22 19:00,18,69,19,34,66,5,8,69,PM2.5,良
2015/7/22 19:00,2015/7/22 20:00,19,74,19,36,62,5,8,74,PM2.5,良
2015/7/22 20:00,2015/7/22 21:00,20,74,17,33,61,4,9,74,PM2.5,良
2015/7/22 21:00,2015/7/22 22:00,21,73,13,35,60,4,9,73,PM2.5,良
2015/7/22 22:00,2015/7/22 23:00,22,70,13,27,60,4,8,70,PM2.5,良
2015/7/22 23:00,2015/7/23 0:00,23,53,16,14,41,3,6,53,PM2.5,良
2015/7/23 0:00,2015/7/23 1:00,0,38,17,9,30,4,12,38,,优
2015/7/23 1:00,2015/7/23 2:00,1,33,16,11,28,3,6,33,,优
2015/7/23 2:00,2015/7/23 3:00,2,35,16,11,28,4,6,35,,优
2015/7/23 3:00,2015/7/23 4:00,3,35,16,10,28,4,6,35,,优
2015/7/23 4:00,2015/7/23 5:00,4,33,14,12,32,4,7,33,,优
2015/7/23 5:00,2015/7/23 6:00,5,36,12,14,34,5,7,36,,优
2015/7/23 6:00,2015/7/23 7:00,6,40,10,18,45,4,7,45,,优
2015/7/23 7:00,2015/7/23 8:00,7,45,10,22,50,4,8,50,,优
2015/7/23 8:00,2015/7/23 9:00,8,46,15,20,50,5,8,50,,优
2015/7/23 9:00,2015/7/23 10:00,9,48,23,17,51,5,8,51,PM10,良
2015/7/23 10:00,2015/7/23 11:00,10,52,33,15,53,5,8,53,PM10,良
2015/7/23 11:00,2015/7/23 12:00,11,53,41,13,56,4,8,56,PM10,良
2015/7/23 12:00,2015/7/23 13:00,12,60,35,13,65,3,8,65,PM10,良
2015/7/23 13:00,2015/7/23 14:00,13,59,32,17,58,3,8,59,PM2.5,良
2015/7/23 14:00,2015/7/23 15:00,14,68,25,22,56,3,8,68,PM2.5,良
2015/7/23 15:00,2015/7/23 16:00,15,49,20,26,38,3,9,49,,优
2015/7/23 16:00,2015/7/23 17:00,16,38,17,32,30,3,9,38,,优
2015/7/23 17:00,2015/7/23 18:00,17,40,15,34,38,3,10,40,,优
2015/7/23 18:00,2015/7/23 19:00,18,52,10,42,50,4,10,52,PM2.5,良
2015/7/23 19:00,2015/7/23 20:00,19,55,5,47,55,3,11,55,PM2.5,良
2015/7/23 20:00,2015/7/23 21:00,20,72,5,45,62,4,13,72,PM2.5,良
2015/7/23 21:00,2015/7/23 22:00,21,83,4,46,68,4,13,83,PM2.5,良
2015/7/23 22:00,2015/7/23 23:00,22,98,4,44,72,4,14,98,PM2.5,良
2015/7/23 23:00,2015/7/24 0:00,23,108,7,36,72,5,12,108,PM2.5,轻度污染
2015/7/24 0:00,2015/7/24 1:00,0,105,14,23,69,4,10,105,PM2.5,轻度污染
2015/7/24 1:00,2015/7/24 2:00,1,83,14,16,59,5,9,83,PM2.5,良
2015/7/24 2:00,2015/7/24 3:00,2,57,13,13,44,5,7,57,PM2.5,良
2015/7/24 3:00,2015/7/24 4:00,3,46,12,12,35,4,7,46,,优
2015/7/24 4:00,2015/7/24 5:00,4,43,10,13,35,4,6,43,,优
2015/7/24 5:00,2015/7/24 6:00,5,43,8,15,38,4,6,43,,优
2015/7/24 6:00,2015/7/24 7:00,6,45,7,16,40,5,7,45,,优
2015/7/24 7:00,2015/7/24 8:00,7,46,9,18,42,5,8,46,,优
2015/7/24 8:00,2015/7/24 9:00,8,48,15,17,48,6,8,48,,优
2015/7/24 9:00,2015/7/24 10:00,9,49,30,13,45,5,7,49,,优
2015/7/24 10:00,2015/7/24 11:00,10,49,41,12,41,5,7,49,,优
2015/7/24 11:00,2015/7/24 12:00,11,50,50,11,48,5,7,50,,优
2015/7/24 12:00,2015/7/24 13:00,12,52,63,10,50,5,7,63,O3 1小时,良
2015/7/24 13:00,2015/7/24 14:00,13,59,57,12,53,5,7,59,PM2.5,良
2015/7/24 14:00,2015/7/24 15:00,14,57,49,12,52,5,7,57,PM2.5,良
2015/7/24 15:00,2015/7/24 16:00,15,55,44,14,51,5,7,55,PM2.5,良
2015/7/24 16:00,2015/7/24 17:00,16,50,44,15,54,5,7,54,PM10,良
2015/7/24 17:00,2015/7/24 18:00,17,52,43,17,55,5,8,55,PM10,良
2015/7/24 18:00,2015/7/24 19:00,18,49,35,22,58,4,8,58,PM10,良
2015/7/24 19:00,2015/7/24 20:00,19,52,25,26,61,5,8,61,PM10,良
2015/7/24 20:00,2015/7/24 21:00,20,55,22,26,67,5,9,67,PM10,良
2015/7/24 21:00,2015/7/24 22:00,21,55,26,19,64,4,8,64,PM10,良
2015/7/24 22:00,2015/7/24 23:00,22,54,20,21,50,5,8,54,PM2.5,良
2015/7/24 23:00,2015/7/25 0:00,23,48,16,20,41,5,8,48,,优
2015/7/25 0:00,2015/7/25 1:00,0,45,15,16,38,5,7,45,,优
2015/7/25 1:00,2015/7/25 2:00,1,38,15,15,35,5,7,38,,优
2015/7/25 2:00,2015/7/25 3:00,2,39,12,18,46,5,8,46,,优
2015/7/25 3:00,2015/7/25 4:00,3,43,10,18,53,5,8,53,PM10,良
2015/7/25 4:00,2015/7/25 5:00,4,50,8,20,56,6,9,56,PM10,良
2015/7/25 5:00,2015/7/25 6:00,5,54,6,22,64,6,9,64,PM10,良
2015/7/25 6:00,2015/7/25 7:00,6,63,8,21,71,6,10,71,PM10,良
2015/7/25 7:00,2015/7/25 8:00,7,70,10,22,73,6,10,73,PM10,良
2015/7/25 8:00,2015/7/25 9:00,8,74,21,22,62,6,10,74,PM2.5,良
2015/7/25 9:00,2015/7/25 10:00,9,73,40,19,59,6,9,73,PM2.5,良
2015/7/25 10:00,2015/7/25 11:00,10,73,65,15,60,6,9,73,PM2.5,良
2015/7/25 11:00,2015/7/25 12:00,11,82,90,19,72,5,9,90,O3 1小时,良
2015/7/25 12:00,2015/7/25 13:00,12,98,102,19,81,5,9,102,O3 1小时,轻度污染
2015/7/25 13:00,2015/7/25 14:00,13,103,109,20,80,6,9,109,O3 1小时,轻度污染
2015/7/25 14:00,2015/7/25 15:00,14,105,108,19,77,6,9,108,O3 1小时,轻度污染
2015/7/25 15:00,2015/7/25 16:00,15,98,99,17,69,5,9,99,O3 1小时,良
2015/7/25 16:00,2015/7/25 17:00,16,89,50,24,69,5,9,89,PM2.5,良
2015/7/25 17:00,2015/7/25 18:00,17,83,45,22,65,5,8,83,PM2.5,良
2015/7/25 18:00,2015/7/25 19:00,18,77,36,22,61,4,9,77,PM2.5,良
2015/7/25 19:00,2015/7/25 20:00,19,77,28,29,65,3,10,77,PM2.5,良
2015/7/25 20:00,2015/7/25 21:00,20,89,19,37,64,4,11,89,PM2.5,良
2015/7/25 21:00,2015/7/25 22:00,21,100,16,36,68,3,11,100,PM2.5,良
2015/7/25 22:00,2015/7/25 23:00,22,99,15,37,68,3,12,99,PM2.5,良
2015/7/25 23:00,2015/7/26 0:00,23,108,11,38,76,3,13,108,PM2.5,轻度污染
2015/7/26 0:00,2015/7/26 1:00,0,120,10,37,79,4,13,120,PM2.5,轻度污染
2015/7/26 1:00,2015/7/26 2:00,1,132,6,38,82,4,14,132,PM2.5,轻度污染
2015/7/26 2:00,2015/7/26 3:00,2,139,6,36,84,5,13,139,PM2.5,轻度污染
2015/7/26 3:00,2015/7/26 4:00,3,145,6,34,85,5,13,145,PM2.5,轻度污染
2015/7/26 4:00,2015/7/26 5:00,4,148,5,36,87,5,13,148,PM2.5,轻度污染
2015/7/26 5:00,2015/7/26 6:00,5,150,5,37,90,5,13,150,PM2.5,轻度污染
2015/7/26 6:00,2015/7/26 7:00,6,153,7,39,92,6,14,153,PM2.5,中度污染
2015/7/26 7:00,2015/7/26 8:00,7,162,13,44,97,6,14,162,PM2.5,中度污染
2015/7/26 8:00,2015/7/26 9:00,8,168,28,39,95,5,14,168,PM2.5,中度污染
2015/7/26 9:00,2015/7/26 10:00,9,144,46,24,86,5,12,144,PM2.5,轻度污染
2015/7/26 10:00,2015/7/26 11:00,10,108,70,15,70,5,9,108,PM2.5,轻度污染
2015/7/26 11:00,2015/7/26 12:00,11,83,77,11,62,5,8,83,PM2.5,良
2015/7/26 12:00,2015/7/26 13:00,12,74,62,11,54,5,7,74,PM2.5,良
2015/7/26 13:00,2015/7/26 14:00,13,70,82,12,57,5,8,82,O3 1小时,良
2015/7/26 14:00,2015/7/26 15:00,14,73,109,13,65,5,9,109,O3 1小时,轻度污染
2015/7/26 15:00,2015/7/26 16:00,15,95,120,15,78,5,9,120,O3 1小时,轻度污染
2015/7/26 16:00,2015/7/26 17:00,16,100,110,17,92,5,9,110,O3 1小时,轻度污染
2015/7/26 17:00,2015/7/26 18:00,17,79,43,18,63,3,9,79,PM2.5,良
2015/7/26 18:00,2015/7/26 19:00,18,70,36,28,58,3,10,70,PM2.5,良
2015/7/26 19:00,2015/7/26 20:00,19,80,28,32,65,4,11,80,PM2.5,良
2015/7/26 20:00,2015/7/26 21:00,20,92,31,27,86,4,11,92,PM2.5,良
2015/7/26 21:00,2015/7/26 22:00,21,119,41,22,94,5,11,119,PM2.5,轻度污染
2015/7/26 22:00,2015/7/26 23:00,22,122,39,17,78,6,10,122,PM2.5,轻度污染
2015/7/26 23:00,2015/7/27 0:00,23,89,27,16,62,6,9,89,PM2.5,良
2015/7/27 0:00,2015/7/27 1:00,0,68,21,16,53,6,9,68,PM2.5,良
2015/7/27 1:00,2015/7/27 2:00,1,67,16,19,53,6,9,67,PM2.5,良
2015/7/27 2:00,2015/7/27 3:00,2,65,12,22,56,6,9,65,PM2.5,良
2015/7/27 3:00,2015/7/27 4:00,3,67,10,21,57,6,9,67,PM2.5,良
2015/7/27 4:00,2015/7/27 5:00,4,67,9,22,60,6,10,67,PM2.5,良
2015/7/27 5:00,2015/7/27 6:00,5,74,6,24,64,6,10,74,PM2.5,良
2015/7/27 6:00,2015/7/27 7:00,6,80,8,26,71,6,11,80,PM2.5,良
2015/7/27 7:00,2015/7/27 8:00,7,89,13,31,80,9,11,89,PM2.5,良
2015/7/27 8:00,2015/7/27 9:00,8,104,27,29,73,10,10,104,PM2.5,轻度污染
2015/7/27 9:00,2015/7/27 10:00,9,93,38,16,67,8,8,93,PM2.5,良
2015/7/27 10:00,2015/7/27 11:00,10,64,42,11,51,5,7,64,PM2.5,良
2015/7/27 11:00,2015/7/27 12:00,11,53,47,11,43,5,7,53,PM2.5,良
2015/7/27 12:00,2015/7/27 13:00,12,53,57,9,49,5,7,57,O3 1小时,良
2015/7/27 13:00,2015/7/27 14:00,13,64,98,13,59,6,7,98,O3 1小时,良
2015/7/27 14:00,2015/7/27 15:00,14,68,103,13,61,6,7,103,O3 1小时,轻度污染
2015/7/27 15:00,2015/7/27 16:00,15,69,98,14,60,5,7,98,O3 1小时,良
2015/7/27 16:00,2015/7/27 17:00,16,55,103,15,64,6,8,103,O3 1小时,轻度污染
2015/7/27 17:00,2015/7/27 18:00,17,69,107,19,76,6,9,107,O3 1小时,轻度污染
2015/7/27 18:00,2015/7/27 19:00,18,78,101,24,80,6,9,101,O3 1小时,轻度污染
2015/7/27 19:00,2015/7/27 20:00,19,87,84,26,86,5,10,87,PM2.5,良
2015/7/27 20:00,2015/7/27 21:00,20,93,48,26,91,5,9,93,PM2.5,良
2015/7/27 21:00,2015/7/27 22:00,21,98,40,20,77,5,8,98,PM2.5,良
2015/7/27 22:00,2015/7/27 23:00,22,84,44,15,78,5,8,84,PM2.5,良
2015/7/27 23:00,2015/7/28 0:00,23,79,42,14,66,5,8,79,PM2.5,良
2015/7/28 0:00,2015/7/28 1:00,0,75,34,14,56,6,9,75,PM2.5,良
2015/7/28 1:00,2015/7/28 2:00,1,68,27,15,53,6,9,68,PM2.5,良
2015/7/28 2:00,2015/7/28 3:00,2,63,24,15,53,5,8,63,PM2.5,良
2015/7/28 3:00,2015/7/28 4:00,3,63,21,18,57,6,8,63,PM2.5,良
2015/7/28 4:00,2015/7/28 5:00,4,68,16,20,61,6,8,68,PM2.5,良
2015/7/28 5:00,2015/7/28 6:00,5,73,11,25,66,7,9,73,PM2.5,良
2015/7/28 6:00,2015/7/28 7:00,6,78,12,28,73,9,9,78,PM2.5,良
2015/7/28 7:00,2015/7/28 8:00,7,85,19,31,72,10,10,85,PM2.5,良
2015/7/28 8:00,2015/7/28 9:00,8,83,32,26,65,9,9,83,PM2.5,良
2015/7/28 9:00,2015/7/28 10:00,9,75,45,21,59,8,8,75,PM2.5,良
2015/7/28 10:00,2015/7/28 11:00,10,68,63,14,56,7,7,68,PM2.5,良
2015/7/28 11:00,2015/7/28 12:00,11,65,88,13,58,6,7,88,O3 1小时,良
2015/7/28 12:00,2015/7/28 13:00,12,62,104,11,54,5,6,104,O3 1小时,轻度污染
2015/7/28 13:00,2015/7/28 14:00,13,59,104,10,56,5,6,104,O3 1小时,轻度污染
2015/7/28 14:00,2015/7/28 15:00,14,58,104,10,52,5,6,104,O3 1小时,轻度污染
2015/7/28 15:00,2015/7/28 16:00,15,57,115,13,62,6,7,115,O3 1小时,轻度污染
2015/7/28 16:00,2015/7/28 17:00,16,65,130,14,71,6,7,130,O3 1小时,轻度污染
2015/7/28 17:00,2015/7/28 18:00,17,78,134,17,84,6,8,134,O3 1小时,轻度污染
2015/7/28 18:00,2015/7/28 19:00,18,88,116,21,75,6,9,116,O3 1小时,轻度污染
2015/7/28 19:00,2015/7/28 20:00,19,88,94,20,77,6,8,94,O3 1小时,良
2015/7/28 20:00,2015/7/28 21:00,20,82,83,17,80,6,8,83,O3 1小时,良
2015/7/28 21:00,2015/7/28 22:00,21,79,47,21,68,6,8,79,PM2.5,良
2015/7/28 22:00,2015/7/28 23:00,22,80,36,24,74,8,9,80,PM2.5,良
2015/7/28 23:00,2015/7/29 0:00,23,77,29,20,65,6,8,77,PM2.5,良
2015/7/29 0:00,2015/7/29 1:00,0,63,23,17,53,5,8,63,PM2.5,良
2015/7/29 1:00,2015/7/29 2:00,1,54,18,20,49,6,8,54,PM2.5,良
2015/7/29 2:00,2015/7/29 3:00,2,54,17,19,54,6,8,54,PM2.5,良
2015/7/29 3:00,2015/7/29 4:00,3,57,14,21,63,8,8,63,PM10,良
2015/7/29 4:00,2015/7/29 5:00,4,65,11,23,67,9,9,67,PM10,良
2015/7/29 5:00,2015/7/29 6:00,5,70,9,24,70,9,9,70,PM2.5,良
2015/7/29 6:00,2015/7/29 7:00,6,73,9,27,73,9,9,73,PM2.5,良
2015/7/29 7:00,2015/7/29 8:00,7,82,12,31,79,10,10,82,PM2.5,良
2015/7/29 8:00,2015/7/29 9:00,8,88,22,29,77,10,10,88,PM2.5,良
2015/7/29 9:00,2015/7/29 10:00,9,82,35,24,65,9,9,82,PM2.5,良
2015/7/29 10:00,2015/7/29 11:00,10,74,57,22,66,8,8,74,PM2.5,良
2015/7/29 11:00,2015/7/29 12:00,11,77,107,16,65,7,7,107,O3 1小时,轻度污染
2015/7/29 12:00,2015/7/29 13:00,12,74,120,13,63,6,7,120,O3 1小时,轻度污染
2015/7/29 13:00,2015/7/29 14:00,13,69,122,11,60,5,6,122,O3 1小时,轻度污染
2015/7/29 14:00,2015/7/29 15:00,14,68,140,14,81,6,7,140,O3 1小时,轻度污染
2015/7/29 15:00,2015/7/29 16:00,15,83,136,16,85,6,7,136,O3 1小时,轻度污染
2015/7/29 16:00,2015/7/29 17:00,16,84,128,15,79,7,7,128,O3 1小时,轻度污染
2015/7/29 17:00,2015/7/29 18:00,17,83,112,16,91,8,8,112,O3 1小时,轻度污染
2015/7/29 18:00,2015/7/29 19:00,18,73,62,17,62,6,7,73,PM2.5,良
2015/7/29 19:00,2015/7/29 20:00,19,64,69,17,70,6,8,70,PM10,良
2015/7/29 20:00,2015/7/29 21:00,20,80,95,17,92,7,9,95,O3 1小时,良
2015/7/29 21:00,2015/7/29 22:00,21,82,50,15,77,5,8,82,PM2.5,良
2015/7/29 22:00,2015/7/29 23:00,22,68,40,17,62,6,8,68,PM2.5,良
2015/7/29 23:00,2015/7/30 0:00,23,67,30,18,62,6,8,67,PM2.5,良
2015/7/30 0:00,2015/7/30 1:00,0,62,24,16,53,6,7,62,PM2.5,良
2015/7/30 1:00,2015/7/30 2:00,1,48,18,16,56,5,6,56,PM10,良
2015/7/30 2:00,2015/7/30 3:00,2,36,15,15,51,5,6,51,PM10,良
2015/7/30 3:00,2015/7/30 4:00,3,28,14,15,36,5,6,36,,优
2015/7/30 4:00,2015/7/30 5:00,4,25,12,16,35,5,6,35,,优
2015/7/30 5:00,2015/7/30 6:00,5,26,10,20,39,5,6,39,,优
2015/7/30 6:00,2015/7/30 7:00,6,29,10,20,47,7,7,47,,优
2015/7/30 7:00,2015/7/30 8:00,7,35,13,23,54,7,7,54,PM10,良
2015/7/30 8:00,2015/7/30 9:00,8,40,19,23,58,8,8,58,PM10,良
2015/7/30 9:00,2015/7/30 10:00,9,42,29,22,55,8,7,55,PM10,良
2015/7/30 10:00,2015/7/30 11:00,10,46,45,19,58,7,7,58,PM10,良
2015/7/30 11:00,2015/7/30 12:00,11,50,94,15,61,6,7,94,O3 1小时,良
2015/7/30 12:00,2015/7/30 13:00,12,55,114,13,56,6,6,114,O3 1小时,轻度污染
2015/7/30 13:00,2015/7/30 14:00,13,54,114,11,52,6,6,114,O3 1小时,轻度污染
2015/7/30 14:00,2015/7/30 15:00,14,53,112,10,52,6,6,112,O3 1小时,轻度污染
2015/7/30 15:00,2015/7/30 16:00,15,52,117,11,56,6,6,117,O3 1小时,轻度污染
2015/7/30 16:00,2015/7/30 17:00,16,57,112,14,62,6,6,112,O3 1小时,轻度污染
2015/7/30 17:00,2015/7/30 18:00,17,60,105,17,63,6,6,105,O3 1小时,轻度污染
2015/7/30 18:00,2015/7/30 19:00,18,63,99,21,84,6,7,99,O3 1小时,良
2015/7/30 19:00,2015/7/30 20:00,19,74,77,21,75,7,8,77,O3 1小时,良
2015/7/30 20:00,2015/7/30 21:00,20,72,70,19,68,6,7,72,PM2.5,良
2015/7/30 21:00,2015/7/30 22:00,21,60,83,18,63,6,8,83,O3 1小时,良
2015/7/30 22:00,2015/7/30 23:00,22,57,52,19,64,6,8,64,PM10,良
2015/7/30 23:00,2015/7/31 0:00,23,55,40,19,66,5,8,66,PM10,良
2015/7/31 0:00,2015/7/31 1:00,0,57,31,17,66,6,8,66,PM10,良
2015/7/31 1:00,2015/7/31 2:00,1,59,23,21,66,6,8,66,PM10,良
2015/7/31 2:00,2015/7/31 3:00,2,60,23,20,63,8,8,63,PM10,良
2015/7/31 3:00,2015/7/31 4:00,3,60,21,19,61,8,8,61,PM10,良
2015/7/31 4:00,2015/7/31 5:00,4,62,19,20,59,8,8,62,PM2.5,良
2015/7/31 5:00,2015/7/31 6:00,5,65,14,24,64,9,9,65,PM2.5,良
2015/7/31 6:00,2015/7/31 7:00,6,65,14,26,62,9,9,65,PM2.5,良
2015/7/31 7:00,2015/7/31 8:00,7,63,21,24,55,8,8,63,PM2.5,良
2015/7/31 8:00,2015/7/31 9:00,8,59,35,19,53,8,8,59,PM2.5,良
2015/7/31 9:00,2015/7/31 10:00,9,54,45,16,52,7,7,54,PM2.5,良
2015/7/31 10:00,2015/7/31 11:00,10,53,55,12,47,6,6,55,O3 1小时,良
2015/7/31 11:00,2015/7/31 12:00,11,52,73,11,49,6,6,73,O3 1小时,良
2015/7/31 12:00,2015/7/31 13:00,12,53,103,10,54,6,6,103,O3 1小时,轻度污染
2015/7/31 13:00,2015/7/31 14:00,13,62,108,10,54,6,6,108,O3 1小时,轻度污染
2015/7/31 14:00,2015/7/31 15:00,14,65,102,12,55,6,6,102,O3 1小时,轻度污染
2015/7/31 15:00,2015/7/31 16:00,15,60,98,13,59,6,6,98,O3 1小时,良
2015/7/31 16:00,2015/7/31 17:00,16,59,105,13,63,6,6,105,O3 1小时,轻度污染
2015/7/31 17:00,2015/7/31 18:00,17,63,97,18,79,7,7,97,O3 1小时,良
2015/7/31 18:00,2015/7/31 19:00,18,67,70,21,83,8,8,83,PM10,良
2015/7/31 19:00,2015/7/31 20:00,19,64,42,20,66,8,7,66,PM10,良
2015/7/31 20:00,2015/7/31 21:00,20,54,38,18,62,6,7,62,PM10,良
2015/7/31 21:00,2015/7/31 22:00,21,49,35,15,53,5,6,53,PM10,良
2015/7/31 22:00,2015/7/31 23:00,22,45,29,18,61,5,7,61,PM10,良
2015/7/31 23:00,2015/8/1 0:00,23,46,26,17,59,6,7,59,PM10,良
2015/8/1 0:00,2015/8/1 1:00,0,49,26,16,62,6,7,62,PM10,良
2015/8/1 1:00,2015/8/1 2:00,1,54,24,15,62,6,7,62,PM10,良
2015/8/1 2:00,2015/8/1 3:00,2,58,23,14,63,6,7,63,PM10,良
2015/8/1 3:00,2015/8/1 4:00,3,63,21,14,63,6,7,63,PM2.5,良
2015/8/1 4:00,2015/8/1 5:00,4,65,19,15,64,6,8,65,PM2.5,良
2015/8/1 5:00,2015/8/1 6:00,5,69,17,18,69,6,8,69,PM2.5,良
2015/8/1 6:00,2015/8/1 7:00,6,75,16,22,75,8,9,75,PM2.5,良
2015/8/1 7:00,2015/8/1 8:00,7,84,22,25,78,9,10,84,PM2.5,良
2015/8/1 8:00,2015/8/1 9:00,8,98,35,26,75,10,10,98,PM2.5,良
2015/8/1 9:00,2015/8/1 10:00,9,95,52,21,68,9,9,95,PM2.5,良
2015/8/1 10:00,2015/8/1 11:00,10,77,88,14,56,7,7,88,O3 1小时,良
2015/8/1 11:00,2015/8/1 12:00,11,69,106,14,61,7,7,106,O3 1小时,轻度污染
2015/8/1 12:00,2015/8/1 13:00,12,73,113,13,65,10,7,113,O3 1小时,轻度污染
2015/8/1 13:00,2015/8/1 14:00,13,72,104,11,97,7,7,104,O3 1小时,轻度污染
2015/8/1 14:00,2015/8/1 15:00,14,77,110,11,93,7,7,110,O3 1小时,轻度污染
2015/8/1 15:00,2015/8/1 16:00,15,87,107,15,87,6,7,107,O3 1小时,轻度污染
2015/8/1 16:00,2015/8/1 17:00,16,83,47,13,74,5,7,83,PM2.5,良
2015/8/1 17:00,2015/8/1 18:00,17,74,44,12,62,4,7,74,PM2.5,良
2015/8/1 18:00,2015/8/1 19:00,18,83,48,12,68,4,7,83,PM2.5,良
2015/8/1 19:00,2015/8/1 20:00,19,97,53,13,73,5,7,97,PM2.5,良
2015/8/1 20:00,2015/8/1 21:00,20,100,55,16,66,6,7,100,PM2.5,良
2015/8/1 21:00,2015/8/1 22:00,21,93,42,17,64,5,7,93,PM2.5,良
2015/8/1 22:00,2015/8/1 23:00,22,83,35,17,65,5,7,83,PM2.5,良
2015/8/1 23:00,2015/8/2 0:00,23,80,32,15,62,5,6,80,PM2.5,良
2015/8/2 0:00,2015/8/2 1:00,0,74,29,12,56,5,6,74,PM2.5,良
2015/8/2 1:00,2015/8/2 2:00,1,67,24,13,53,5,6,67,PM2.5,良
2015/8/2 2:00,2015/8/2 3:00,2,62,20,13,53,5,6,62,PM2.5,良
2015/8/2 3:00,2015/8/2 4:00,3,58,17,14,52,6,7,58,PM2.5,良
2015/8/2 4:00,2015/8/2 5:00,4,55,15,14,52,6,7,55,PM2.5,良
2015/8/2 5:00,2015/8/2 6:00,5,54,13,17,55,6,7,55,PM10,良
2015/8/2 6:00,2015/8/2 7:00,6,58,14,18,59,7,8,59,PM10,良
2015/8/2 7:00,2015/8/2 8:00,7,64,20,20,63,7,9,64,PM2.5,良
2015/8/2 8:00,2015/8/2 9:00,8,72,33,20,66,8,9,72,PM2.5,良
2015/8/2 9:00,2015/8/2 10:00,9,79,55,17,69,8,9,79,PM2.5,良
2015/8/2 10:00,2015/8/2 11:00,10,84,108,12,66,8,8,108,O3 1小时,轻度污染
2015/8/2 11:00,2015/8/2 12:00,11,84,115,10,65,6,7,115,O3 1小时,轻度污染
2015/8/2 12:00,2015/8/2 13:00,12,75,113,9,59,6,7,113,O3 1小时,轻度污染
2015/8/2 13:00,2015/8/2 14:00,13,75,110,8,58,6,7,110,O3 1小时,轻度污染
2015/8/2 14:00,2015/8/2 15:00,14,70,110,8,64,6,7,110,O3 1小时,轻度污染
2015/8/2 15:00,2015/8/2 16:00,15,68,111,9,65,6,7,111,O3 1小时,轻度污染
2015/8/2 16:00,2015/8/2 17:00,16,72,110,11,66,6,7,110,O3 1小时,轻度污染
2015/8/2 17:00,2015/8/2 18:00,17,74,104,13,77,6,7,104,O3 1小时,轻度污染
2015/8/2 18:00,2015/8/2 19:00,18,72,79,16,81,6,8,81,PM10,良
2015/8/2 19:00,2015/8/2 20:00,19,68,54,13,70,5,7,70,PM10,良
2015/8/2 20:00,2015/8/2 21:00,20,59,40,13,59,5,7,59,PM2.5,良
2015/8/2 21:00,2015/8/2 22:00,21,49,33,12,54,5,7,54,PM10,良
2015/8/2 22:00,2015/8/2 23:00,22,43,29,11,60,5,6,60,PM10,良
2015/8/2 23:00,2015/8/3 0:00,23,45,27,10,56,5,6,56,PM10,良
2015/8/3 0:00,2015/8/3 1:00,0,42,24,11,48,5,6,48,,优
2015/8/3 1:00,2015/8/3 2:00,1,40,19,11,38,5,6,40,,优
2015/8/3 2:00,2015/8/3 3:00,2,36,17,11,37,5,6,37,,优
2015/8/3 3:00,2015/8/3 4:00,3,35,16,11,38,5,6,38,,优
2015/8/3 4:00,2015/8/3 5:00,4,39,14,13,42,5,7,42,,优
2015/8/3 5:00,2015/8/3 6:00,5,39,11,15,47,5,7,47,,优
2015/8/3 6:00,2015/8/3 7:00,6,42,11,17,55,6,8,55,PM10,良
2015/8/3 7:00,2015/8/3 8:00,7,48,15,19,60,6,8,60,PM10,良
2015/8/3 8:00,2015/8/3 9:00,8,53,25,20,64,6,8,64,PM10,良
2015/8/3 9:00,2015/8/3 10:00,9,60,41,18,68,7,8,68,PM10,良
2015/8/3 10:00,2015/8/3 11:00,10,70,92,15,70,6,8,92,O3 1小时,良
2015/8/3 11:00,2015/8/3 12:00,11,75,119,12,68,6,8,119,O3 1小时,轻度污染
2015/8/3 12:00,2015/8/3 13:00,12,75,125,10,67,6,8,125,O3 1小时,轻度污染
2015/8/3 13:00,2015/8/3 14:00,13,74,124,10,66,6,8,124,O3 1小时,轻度污染
2015/8/3 14:00,2015/8/3 15:00,14,77,124,10,64,6,8,124,O3 1小时,轻度污染
2015/8/3 15:00,2015/8/3 16:00,15,74,114,11,67,6,8,114,O3 1小时,轻度污染
2015/8/3 16:00,2015/8/3 17:00,16,67,105,12,68,6,8,105,O3 1小时,轻度污染
2015/8/3 17:00,2015/8/3 18:00,17,70,94,16,68,6,8,94,O3 1小时,良
2015/8/3 18:00,2015/8/3 19:00,18,69,80,19,68,7,8,80,O3 1小时,良
2015/8/3 19:00,2015/8/3 20:00,19,65,57,18,66,5,8,66,PM10,良
2015/8/3 20:00,2015/8/3 21:00,20,62,43,16,60,5,7,62,PM2.5,良
2015/8/3 21:00,2015/8/3 22:00,21,54,36,15,58,5,7,58,PM10,良
2015/8/3 22:00,2015/8/3 23:00,22,50,30,16,66,5,8,66,PM10,良
2015/8/3 23:00,2015/8/4 0:00,23,49,26,13,55,5,7,55,PM10,良
2015/8/4 0:00,2015/8/4 1:00,0,42,23,8,37,5,6,42,,优
2015/8/4 1:00,2015/8/4 2:00,1,35,20,9,33,5,6,35,,优
2015/8/4 2:00,2015/8/4 3:00,2,32,19,10,31,5,6,32,,优
2015/8/4 3:00,2015/8/4 4:00,3,30,16,11,32,5,6,32,,优
2015/8/4 4:00,2015/8/4 5:00,4,33,15,12,36,5,7,36,,优
2015/8/4 5:00,2015/8/4 6:00,5,33,14,14,35,5,7,35,,优
2015/8/4 6:00,2015/8/4 7:00,6,36,13,17,50,5,7,50,,优
2015/8/4 7:00,2015/8/4 8:00,7,43,16,20,56,6,8,56,PM10,良
2015/8/4 8:00,2015/8/4 9:00,8,50,26,21,60,7,8,60,PM10,良
2015/8/4 9:00,2015/8/4 10:00,9,60,44,19,66,7,8,66,PM10,良
2015/8/4 10:00,2015/8/4 11:00,10,68,93,15,61,6,8,93,O3 1小时,良
2015/8/4 11:00,2015/8/4 12:00,11,68,103,12,56,6,7,103,O3 1小时,轻度污染
2015/8/4 12:00,2015/8/4 13:00,12,63,107,11,57,5,7,107,O3 1小时,轻度污染
2015/8/4 13:00,2015/8/4 14:00,13,62,117,11,63,6,7,117,O3 1小时,轻度污染
2015/8/4 14:00,2015/8/4 15:00,14,72,129,11,69,6,7,129,O3 1小时,轻度污染
2015/8/4 15:00,2015/8/4 16:00,15,79,137,13,79,6,8,137,O3 1小时,轻度污染
2015/8/4 16:00,2015/8/4 17:00,16,89,137,16,91,7,8,137,O3 1小时,轻度污染
2015/8/4 17:00,2015/8/4 18:00,17,98,136,20,89,9,9,136,O3 1小时,轻度污染
2015/8/4 18:00,2015/8/4 19:00,18,103,117,22,86,8,10,117,O3 1小时,轻度污染
2015/8/4 19:00,2015/8/4 20:00,19,90,69,19,74,6,8,90,PM2.5,良
2015/8/4 20:00,2015/8/4 21:00,20,68,42,15,67,5,7,68,PM2.5,良
2015/8/4 21:00,2015/8/4 22:00,21,55,35,15,60,5,7,60,PM10,良
2015/8/4 22:00,2015/8/4 23:00,22,52,28,14,47,5,6,52,PM2.5,良
2015/8/4 23:00,2015/8/5 0:00,23,42,23,14,43,5,6,43,,优
2015/8/5 0:00,2015/8/5 1:00,0,38,24,10,59,5,6,59,PM10,良
2015/8/5 1:00,2015/8/5 2:00,1,39,20,10,51,5,6,51,PM10,良
2015/8/5 2:00,2015/8/5 3:00,2,40,19,10,42,5,6,42,,优
2015/8/5 3:00,2015/8/5 4:00,3,38,17,10,33,5,6,38,,优
2015/8/5 4:00,2015/8/5 5:00,4,35,16,12,36,5,6,36,,优
2015/8/5 5:00,2015/8/5 6:00,5,38,15,13,39,5,7,39,,优
2015/8/5 6:00,2015/8/5 7:00,6,39,14,16,44,5,7,44,,优
2015/8/5 7:00,2015/8/5 8:00,7,42,16,18,54,6,8,54,PM10,良
2015/8/5 8:00,2015/8/5 9:00,8,49,23,19,58,6,8,58,PM10,良
2015/8/5 9:00,2015/8/5 10:00,9,53,37,19,64,7,8,64,PM10,良
2015/8/5 10:00,2015/8/5 11:00,10,62,74,17,66,7,8,74,O3 1小时,良
2015/8/5 11:00,2015/8/5 12:00,11,72,118,15,70,8,8,118,O3 1小时,轻度污染
2015/8/5 12:00,2015/8/5 13:00,12,79,134,12,73,7,8,134,O3 1小时,轻度污染
2015/8/5 13:00,2015/8/5 14:00,13,80,128,11,66,6,7,128,O3 1小时,轻度污染
2015/8/5 14:00,2015/8/5 15:00,14,72,116,9,56,6,7,116,O3 1小时,轻度污染
2015/8/5 15:00,2015/8/5 16:00,15,63,107,10,58,5,7,107,O3 1小时,轻度污染
2015/8/5 16:00,2015/8/5 17:00,16,59,94,11,59,5,7,94,O3 1小时,良
2015/8/5 17:00,2015/8/5 18:00,17,57,55,15,60,5,7,60,PM10,良
2015/8/5 18:00,2015/8/5 19:00,18,52,36,16,69,4,7,69,PM10,良
2015/8/5 19:00,2015/8/5 20:00,19,40,24,14,64,4,6,64,PM10,良
2015/8/5 20:00,2015/8/5 21:00,20,39,18,12,55,4,6,55,PM10,良
2015/8/5 21:00,2015/8/5 22:00,21,32,16,10,45,4,6,45,,优
2015/8/5 22:00,2015/8/5 23:00,22,29,16,9,35,3,5,35,,优
2015/8/5 23:00,2015/8/6 0:00,23,29,17,6,37,3,5,37,,优
2015/8/6 0:00,2015/8/6 1:00,0,25,19,5,31,4,5,31,,优
2015/8/6 1:00,2015/8/6 2:00,1,28,17,6,29,4,5,29,,优
2015/8/6 2:00,2015/8/6 3:00,2,32,15,7,33,4,6,33,,优
2015/8/6 3:00,2015/8/6 4:00,3,29,14,7,31,4,6,31,,优
2015/8/6 4:00,2015/8/6 5:00,4,28,12,8,28,4,6,28,,优
2015/8/6 5:00,2015/8/6 6:00,5,26,10,9,29,4,6,29,,优
2015/8/6 6:00,2015/8/6 7:00,6,28,9,10,31,4,6,31,,优
2015/8/6 7:00,2015/8/6 8:00,7,26,11,9,27,5,6,27,,优
2015/8/6 8:00,2015/8/6 9:00,8,26,16,8,27,4,6,27,,优
2015/8/6 9:00,2015/8/6 10:00,9,23,20,7,30,4,6,30,,优
2015/8/6 10:00,2015/8/6 11:00,10,22,22,6,31,4,5,31,,优
2015/8/6 11:00,2015/8/6 12:00,11,18,23,6,26,3,5,26,,优
2015/8/6 12:00,2015/8/6 13:00,12,18,23,6,24,3,5,24,,优
2015/8/6 13:00,2015/8/6 14:00,13,23,27,5,54,3,6,54,PM10,良
2015/8/6 14:00,2015/8/6 15:00,14,33,28,6,58,3,6,58,PM10,良
2015/8/6 15:00,2015/8/6 16:00,15,38,27,6,54,3,6,54,PM10,良
2015/8/6 16:00,2015/8/6 17:00,16,43,22,6,51,3,6,51,PM10,良
2015/8/6 17:00,2015/8/6 18:00,17,42,17,8,54,3,6,54,PM10,良
2015/8/6 18:00,2015/8/6 19:00,18,48,11,9,59,3,6,59,PM10,良
2015/8/6 19:00,2015/8/6 20:00,19,50,11,8,64,3,6,64,PM10,良
2015/8/6 20:00,2015/8/6 21:00,20,46,11,7,56,3,6,56,PM10,良
2015/8/6 21:00,2015/8/6 22:00,21,43,10,6,53,3,6,53,PM10,良
2015/8/6 22:00,2015/8/6 23:00,22,40,10,6,44,3,6,44,,优
2015/8/6 23:00,2015/8/7 0:00,23,36,8,7,35,3,6,36,,优
2015/8/7 0:00,2015/8/7 1:00,0,29,9,6,31,3,5,31,,优
2015/8/7 1:00,2015/8/7 2:00,1,26,8,6,32,3,5,32,,优
2015/8/7 2:00,2015/8/7 3:00,2,28,8,5,34,3,5,34,,优
2015/8/7 3:00,2015/8/7 4:00,3,26,8,5,30,3,5,30,,优
2015/8/7 4:00,2015/8/7 5:00,4,28,7,6,32,4,5,32,,优
2015/8/7 5:00,2015/8/7 6:00,5,30,6,7,37,4,5,37,,优
2015/8/7 6:00,2015/8/7 7:00,6,30,6,8,43,4,6,43,,优
2015/8/7 7:00,2015/8/7 8:00,7,29,7,7,39,4,6,39,,优
2015/8/7 8:00,2015/8/7 9:00,8,30,10,5,29,3,6,30,,优
2015/8/7 9:00,2015/8/7 10:00,9,28,11,4,22,3,6,28,,优
2015/8/7 10:00,2015/8/7 11:00,10,20,12,4,26,3,5,26,,优
2015/8/7 11:00,2015/8/7 12:00,11,23,14,4,29,3,5,29,,优
2015/8/7 12:00,2015/8/7 13:00,12,18,15,4,28,3,5,28,,优
2015/8/7 13:00,2015/8/7 14:00,13,12,12,5,31,3,5,31,,优
2015/8/7 14:00,2015/8/7 15:00,14,16,11,6,32,3,5,32,,优
2015/8/7 15:00,2015/8/7 16:00,15,16,11,8,32,3,6,32,,优
2015/8/7 16:00,2015/8/7 17:00,16,22,10,8,27,4,6,27,,优
2015/8/7 17:00,2015/8/7 18:00,17,18,9,9,34,3,6,34,,优
2015/8/7 18:00,2015/8/7 19:00,18,18,8,10,38,3,6,38,,优
2015/8/7 19:00,2015/8/7 20:00,19,18,8,9,37,3,6,37,,优
2015/8/7 20:00,2015/8/7 21:00,20,18,7,8,35,3,6,35,,优
2015/8/7 21:00,2015/8/7 22:00,21,13,6,8,31,3,5,31,,优
2015/8/7 22:00,2015/8/7 23:00,22,15,5,8,27,3,5,27,,优
2015/8/7 23:00,2015/8/8 0:00,23,23,5,6,27,3,5,27,,优
2015/8/8 0:00,2015/8/8 1:00,0,15,5,6,21,3,5,21,,优
2015/8/8 1:00,2015/8/8 2:00,1,15,5,6,27,3,5,27,,优
2015/8/8 2:00,2015/8/8 3:00,2,15,5,6,24,3,5,24,,优
2015/8/8 3:00,2015/8/8 4:00,3,13,5,6,24,3,5,24,,优
2015/8/8 4:00,2015/8/8 5:00,4,13,5,6,26,3,5,26,,优
2015/8/8 5:00,2015/8/8 6:00,5,12,5,5,27,3,5,27,,优
2015/8/8 6:00,2015/8/8 7:00,6,13,6,5,34,3,5,34,,优
2015/8/8 7:00,2015/8/8 8:00,7,15,6,5,40,3,5,40,,优
2015/8/8 8:00,2015/8/8 9:00,8,15,8,4,41,3,6,41,,优
2015/8/8 9:00,2015/8/8 10:00,9,18,9,4,35,3,6,35,,优
2015/8/8 10:00,2015/8/8 11:00,10,16,10,4,37,3,5,37,,优
2015/8/8 11:00,2015/8/8 12:00,11,15,12,4,35,3,5,35,,优
2015/8/8 12:00,2015/8/8 13:00,12,19,14,3,35,3,6,35,,优
2015/8/8 13:00,2015/8/8 14:00,13,19,13,3,34,3,5,34,,优
2015/8/8 14:00,2015/8/8 15:00,14,18,14,3,34,3,5,34,,优
2015/8/8 15:00,2015/8/8 16:00,15,15,13,4,40,3,5,40,,优
2015/8/8 16:00,2015/8/8 17:00,16,19,12,5,43,3,5,43,,优
2015/8/8 17:00,2015/8/8 18:00,17,19,11,6,42,3,6,42,,优
2015/8/8 18:00,2015/8/8 19:00,18,20,10,7,39,3,6,39,,优
2015/8/8 19:00,2015/8/8 20:00,19,19,9,7,35,3,5,35,,优
2015/8/8 20:00,2015/8/8 21:00,20,20,9,7,33,3,5,33,,优
2015/8/8 21:00,2015/8/8 22:00,21,18,9,5,29,3,5,29,,优
2015/8/8 22:00,2015/8/8 23:00,22,16,9,4,24,3,5,24,,优
2015/8/8 23:00,2015/8/9 0:00,23,15,9,4,25,3,5,25,,优
2015/8/9 0:00,2015/8/9 1:00,0,15,9,4,22,3,5,22,,优
2015/8/9 1:00,2015/8/9 2:00,1,16,9,4,19,4,5,19,,优
2015/8/9 2:00,2015/8/9 3:00,2,16,8,4,26,3,5,26,,优
2015/8/9 3:00,2015/8/9 4:00,3,15,9,4,23,3,5,23,,优
2015/8/9 4:00,2015/8/9 5:00,4,13,9,4,27,3,5,27,,优
2015/8/9 5:00,2015/8/9 6:00,5,10,8,5,28,3,5,28,,优
2015/8/9 6:00,2015/8/9 7:00,6,12,6,7,33,3,5,33,,优
2015/8/9 7:00,2015/8/9 8:00,7,15,8,6,31,3,5,31,,优
2015/8/9 8:00,2015/8/9 9:00,8,15,9,5,31,3,5,31,,优
2015/8/9 9:00,2015/8/9 10:00,9,16,10,4,36,3,5,36,,优
2015/8/9 10:00,2015/8/9 11:00,10,19,11,5,41,3,6,41,,优
2015/8/9 11:00,2015/8/9 12:00,11,12,13,4,19,3,6,19,,优
2015/8/9 12:00,2015/8/9 13:00,12,13,13,3,24,3,5,24,,优
2015/8/9 13:00,2015/8/9 14:00,13,13,13,5,28,3,5,28,,优
2015/8/9 14:00,2015/8/9 15:00,14,15,13,5,27,3,5,27,,优
2015/8/9 15:00,2015/8/9 16:00,15,16,12,5,29,3,6,29,,优
2015/8/9 16:00,2015/8/9 17:00,16,16,11,6,38,3,6,38,,优
2015/8/9 17:00,2015/8/9 18:00,17,18,11,7,26,3,6,26,,优
2015/8/9 18:00,2015/8/9 19:00,18,16,10,8,24,3,6,24,,优
2015/8/9 19:00,2015/8/9 20:00,19,16,9,8,32,3,6,32,,优
2015/8/9 20:00,2015/8/9 21:00,20,15,10,6,37,3,6,37,,优
2015/8/9 21:00,2015/8/9 22:00,21,15,10,6,31,3,6,31,,优
2015/8/9 22:00,2015/8/9 23:00,22,13,9,6,27,3,6,27,,优
2015/8/9 23:00,2015/8/10 0:00,23,15,10,5,25,3,5,25,,优
2015/8/10 0:00,2015/8/10 1:00,0,15,11,4,22,3,5,22,,优
2015/8/10 1:00,2015/8/10 2:00,1,13,12,4,21,3,5,21,,优
2015/8/10 2:00,2015/8/10 3:00,2,13,11,3,17,3,5,17,,优
2015/8/10 3:00,2015/8/10 4:00,3,10,12,3,18,3,5,18,,优
2015/8/10 4:00,2015/8/10 5:00,4,10,12,4,20,3,5,20,,优
2015/8/10 5:00,2015/8/10 6:00,5,12,11,5,31,3,6,31,,优
2015/8/10 6:00,2015/8/10 7:00,6,13,9,8,27,3,6,27,,优
2015/8/10 7:00,2015/8/10 8:00,7,15,8,10,33,3,7,33,,优
2015/8/10 8:00,2015/8/10 9:00,8,15,10,8,29,3,7,29,,优
2015/8/10 9:00,2015/8/10 10:00,9,22,12,7,29,3,6,29,,优
2015/8/10 10:00,2015/8/10 11:00,10,23,15,6,23,3,6,23,,优
2015/8/10 11:00,2015/8/10 12:00,11,23,16,6,45,3,6,45,,优
2015/8/10 12:00,2015/8/10 13:00,12,26,16,6,33,3,6,33,,优
2015/8/10 13:00,2015/8/10 14:00,13,25,18,7,25,3,6,25,,优
2015/8/10 14:00,2015/8/10 15:00,14,18,19,9,22,3,6,22,,优
2015/8/10 15:00,2015/8/10 16:00,15,22,19,10,33,3,6,33,,优
2015/8/10 16:00,2015/8/10 17:00,16,23,17,10,48,3,6,48,,优
2015/8/10 17:00,2015/8/10 18:00,17,35,19,10,45,3,6,45,,优
2015/8/10 18:00,2015/8/10 19:00,18,38,19,10,44,3,6,44,,优
2015/8/10 19:00,2015/8/10 20:00,19,40,20,9,34,3,6,40,,优
2015/8/10 20:00,2015/8/10 21:00,20,40,20,8,32,4,6,40,,优
2015/8/10 21:00,2015/8/10 22:00,21,35,19,8,35,3,6,35,,优
2015/8/10 22:00,2015/8/10 23:00,22,32,18,7,39,4,6,39,,优
2015/8/10 23:00,2015/8/11 0:00,23,32,18,6,32,3,6,32,,优
2015/8/11 0:00,2015/8/11 1:00,0,35,19,6,32,3,6,35,,优
2015/8/11 1:00,2015/8/11 2:00,1,35,20,5,30,3,6,35,,优
2015/8/11 2:00,2015/8/11 3:00,2,30,19,5,27,3,6,30,,优
2015/8/11 3:00,2015/8/11 4:00,3,29,18,5,31,3,6,31,,优
2015/8/11 4:00,2015/8/11 5:00,4,30,17,5,29,4,6,30,,优
2015/8/11 5:00,2015/8/11 6:00,5,29,16,7,37,4,6,37,,优
2015/8/11 6:00,2015/8/11 7:00,6,28,11,14,38,3,7,38,,优
2015/8/11 7:00,2015/8/11 8:00,7,32,9,16,28,4,7,32,,优
2015/8/11 8:00,2015/8/11 9:00,8,20,8,14,17,3,8,20,,优
2015/8/11 9:00,2015/8/11 10:00,9,16,10,13,15,4,8,16,,优
2015/8/11 10:00,2015/8/11 11:00,10,20,14,14,21,4,8,21,,优
2015/8/11 11:00,2015/8/11 12:00,11,28,26,13,27,4,8,28,,优
2015/8/11 12:00,2015/8/11 13:00,12,33,39,10,38,4,7,39,,优
2015/8/11 13:00,2015/8/11 14:00,13,35,41,10,39,4,7,41,,优
2015/8/11 14:00,2015/8/11 15:00,14,35,39,11,39,4,7,39,,优
